210X1,210X11,210X16,210X36,210X104,210X106,210X118,210X156,210X167,210X190,210X193,220X33,220X163,220X166,311X25,311X26,311X74,311X86,311X87,311X88,311X90,311X182,311X183,311X184,311X189,311X211,312X51,312X129,340X109,360X896,360X1245,420X31,420X97,420X205,520X144,520X246,520X345,520X351,520X353,750X368,750X582
100.15,25.0,0.072,420,5732.4,5738.6,127.765,134.82,125.035,48.7,0.02,1076,0.367726,-0.573491,9491,9491,6.3,8.2,7.6,8.2,8.3,1,37.1,37.9,52.3,4.78,349.0,33.0,49353,4.06,88.66,2348.0,8.8,1499.0,27173,27174,27174.0,27150.0,27174,64.33,0.708
102.05,27.88,0.079,440,5729.1,5736.3,111.935,118.1,135.885,69.6,0.02,1076,0.372002,-0.573491,9492,9492,6.4,7.8,7.5,8.0,7.7,2,37.1,37.9,49.8,4.98,349.0,34.8,49354,4.07,88.64,6942.0,8.6,1431.0,27176,27177,27177.0,27153.0,27177,64.33,0.709
102.05,27.86,0.078,440,5729.7,5736.4,112.1,118.31,135.945,69.8,0.02,1076,0.380554,-0.564931,9493,9493,6.6,7.7,7.5,7.9,8.1,3,37.1,37.9,51.8,4.86,349.0,32.5,49355,4.08,88.64,2351.0,8.9,1499.0,27179,27180,27180.0,27156.0,27180,64.31,0.709
101.1,41.08,0.083,445,5736.0,5735.3,66.565,70.87,65.98,42.9,0.19,1087,-0.372002,-0.505014,5763,5790,6.8,7.4,7.2,7.5,7.5,1,38.7,39.5,51.6,4.99,349.0,31.1,49732,3.96,88.22,7813.0,8.7,1411.0,27236,27237,27237.0,27213.0,27237,60.28,0.703
101.05,41.06,0.082,445,5735.6,5736.0,66.435,70.895,65.775,37.8,0.11,1087,-0.367726,-0.505014,14291,14291,6.2,9.2,9.2,9.3,9.3,1,37.8,38.6,56.9,4.77,334.0,35.3,49733,3.95,88.22,3181.0,9.0,1748.0,27237,27238,27238.0,27214.0,27238,60.28,0.703
101.1,41.09,0.083,445,5735.8,5735.5,66.62,70.885,65.86,35.8,0.2,1087,-0.36345,-0.500734,5000,5000,6.8,8.8,8.3,8.8,8.9,1,37.8,38.6,51.7,5.03,349.0,33.0,49733,3.95,88.28,17837.0,9.7,1626.0,27238,27239,27239.0,27215.0,27239,60.28,0.703
99.19,14.53,0.082,460,5741.6,5738.7,160.59,169.145,168.85,40.1,0.01,1067,0.419037,-0.530693,5610,5637,6.9,8.4,8.2,8.5,8.5,3,38.7,39.5,51.3,4.88,349.0,32.7,49107,3.22,82.14,6377.0,8.5,1299.0,27117,27118,27118.0,27094.0,27118,63.83,0.719
99.17,14.54,0.082,460,5741.7,5738.5,160.35,168.865,168.165,40.3,0.0,1067,0.410485,-0.509294,14024,14024,6.3,9.6,9.5,10.3,9.6,12,37.0,37.8,58.3,4.56,348.0,31.7,49107,3.22,82.14,1798.0,8.8,1499.0,27118,27119,27119.0,27095.0,27119,63.83,0.719
101.85,28.49,0.079,445,5738.6,5742.4,112.275,118.42,136.6,77.1,0.0,1068,0.397657,-0.522133,14016,14016,6.1,9.9,9.5,10.0,9.8,4,37.0,37.8,54.6,4.84,336.0,32.0,49092,3.24,82.14,1786.0,8.9,1651.0,27094,27095,27095.0,27071.0,27095,63.83,0.717
101.65,28.2,0.079,445,5739.5,5742.6,112.25,118.74,136.45,75.0,0.01,1067,0.384829,-0.534973,14020,14020,6.1,9.9,9.5,9.9,9.8,8,37.0,37.8,55.6,4.62,347.0,31.1,49103,3.22,82.13,1792.0,8.9,1612.0,27106,27107,27107.0,27083.0,27107,63.82,0.717
99.22,14.54,0.082,460,5740.6,5738.9,160.58,169.495,168.825,39.8,0.0,1067,0.410485,-0.539252,14021,14021,6.3,10.0,9.6,10.0,9.8,9,37.0,37.8,55.0,4.77,348.0,31.8,49104,3.22,82.14,6373.0,8.3,1231.0,27109,27110,27110.0,27086.0,27110,63.83,0.717
101.05,25.27,0.071,420,5723.5,5731.4,127.96,134.95,125.755,40.8,0.0,1067,0.410485,-0.530693,4741,4741,6.9,8.7,8.6,8.7,9.0,7,37.1,37.9,52.5,4.87,348.0,29.7,49106,3.22,82.14,1797.0,8.8,1553.0,27116,27117,27117.0,27093.0,27117,63.82,0.719
0.0,0.0,0.0,0,0.0,0.0,0.0,0.0,0.0,0.0,0.0,1067,0.410485,-0.530693,4741,4741,6.9,8.7,8.6,8.7,9.0,7,37.1,37.9,52.5,4.87,348.0,29.7,49106,3.22,82.14,1797.0,8.8,1553.0,27116,27117,27117.0,27093.0,27117,63.82,0.719
101.9,40.86,0.082,445,5731.6,5731.3,66.22,70.35,65.68,23.6,0.05,1106,0.354898,-0.556372,5910,5937,6.5,8.2,7.9,8.2,7.8,1,38.7,39.5,51.3,5.02,337.0,31.4,50530,3.88,88.37,18141.0,9.6,1382.0,27546,27547,27547.0,27523.0,27547,50.83,0.685
101.9,40.88,0.082,445,5731.6,5730.5,66.305,70.435,65.535,22.7,0.17,1106,0.350622,-0.547812,14438,14438,6.2,9.4,9.1,9.4,9.7,1,37.8,38.6,56.8,4.65,345.0,34.3,50530,3.89,88.37,8109.0,8.8,1377.0,27547,27548,27548.0,27524.0,27548,50.83,0.686
101.95,40.91,0.083,445,5731.7,5730.5,66.465,70.395,65.755,21.8,0.25,1106,0.350622,-0.552092,5147,5147,6.7,8.2,8.1,8.5,8.7,1,37.8,38.6,51.7,4.96,346.0,32.0,50531,3.88,88.33,3470.0,9.0,1309.0,27548,27549,27549.0,27525.0,27549,50.83,0.687
102.0,40.84,0.086,445,5733.0,5732.6,66.355,70.125,65.7,26.0,0.38,1106,0.393381,-0.547812,14185,14185,6.1,10.3,9.6,10.3,9.7,6,37.8,38.6,55.2,4.76,348.0,34.3,49588,4.04,88.62,7016.0,8.4,1377.0,65075,65075,65077.0,65059.0,65077,62.44,0.688
102.0,40.86,0.086,445,5732.6,5732.4,66.09,70.205,65.725,26.9,0.38,1106,0.393381,-0.522133,4894,4894,6.9,8.1,8.2,8.6,8.4,6,37.8,38.6,52.1,4.96,320.0,32.7,49588,4.04,88.62,533.0,8.5,1558.0,65076,65076,65078.0,65060.0,65078,62.44,0.688
102.05,40.88,0.085,445,5732.3,5731.1,66.275,70.295,65.775,23.1,0.35,1106,0.359174,-0.543532,14173,14173,6.0,9.8,9.3,9.8,9.6,1,37.8,38.6,55.3,5.0,334.0,32.6,49580,4.05,88.82,7008.0,8.7,1436.0,65051,65051,65053.0,65035.0,65053,62.46,0.687
102.0,40.89,0.085,445,5732.0,5730.9,66.345,70.485,65.745,23.8,0.34,1106,0.350622,-0.552092,4882,4882,6.8,8.6,8.1,8.6,8.6,1,37.8,38.6,50.4,5.2,311.0,33.3,49580,4.05,88.83,525.0,8.7,1333.0,65052,65052,65054.0,65036.0,65054,62.46,0.688
100.95,41.04,0.083,445,5738.3,5736.4,66.345,70.47,65.615,32.1,0.16,1090,0.380554,-0.466496,5815,5842,7.2,8.4,8.0,8.4,8.0,4,38.7,39.5,50.9,4.89,331.0,32.7,49588,3.91,88.19,7158.0,8.6,1436.0,65025,65025,65027.0,65009.0,65027,65.34,0.709
100.95,41.06,0.083,445,5738.3,5738.2,66.32,70.62,65.725,30.7,0.23,1090,0.380554,-0.466496,14343,14343,6.2,9.7,9.4,9.7,9.6,4,37.8,38.6,57.0,4.75,314.0,33.7,49588,3.91,88.19,2558.0,8.8,1402.0,65026,65026,65028.0,65010.0,65028,65.33,0.709
101.0,41.06,0.084,445,5738.4,5738.4,66.35,70.65,65.69,29.1,0.26,1090,0.380554,-0.466496,5052,5052,6.5,9.3,8.6,9.3,9.1,4,37.8,38.6,52.4,4.84,339.0,34.6,49589,3.9,88.27,7159.0,8.5,1377.0,65027,65027,65029.0,65011.0,65029,65.33,0.708
99.41,14.36,0.08,460,5741.8,5737.1,159.315,167.915,167.295,48.0,0.01,1139,0.384829,-0.496455,5068,5068,6.9,8.9,8.4,8.9,8.8,6,37.8,38.6,52.7,4.84,363.0,33.4,32194,4.03,88.48,7183.0,8.6,1377.0,27369,27370,27370.0,27346.0,27370,61.12,0.69
99.97,24.89,0.071,420,5734.0,5740.7,126.91,134.31,124.545,45.9,0.03,1139,0.380554,-0.492175,5832,5859,7.3,8.8,8.4,8.8,8.4,7,38.7,39.5,53.4,4.73,361.0,32.8,32194,4.03,88.48,2583.0,8.8,1695.0,27370,27371,27371.0,27347.0,27371,61.12,0.689
98.97,24.95,0.073,420,5743.5,5749.7,101.13,134.47,125.005,49.8,0.05,1140,0.372002,-0.530693,5060,5060,7.5,9.0,8.4,9.0,8.9,5,37.8,38.6,52.1,4.95,349.0,32.0,32183,4.04,88.77,7171.0,8.3,1431.0,27345,27346,27346.0,27322.0,27346,61.07,0.684
99.6,14.38,0.08,460,5740.6,5736.5,158.945,167.965,167.585,47.6,0.0,1140,0.36345,-0.530693,5824,5851,7.0,8.3,8.0,8.3,8.1,6,38.7,39.5,50.6,4.95,355.0,34.3,32183,4.01,88.75,2571.0,8.7,1402.0,27346,27347,27347.0,27323.0,27347,61.07,0.684
99.03,24.98,0.073,420,5744.0,5749.7,127.415,134.775,124.9,49.8,0.03,1139,0.367726,-0.526413,14352,14352,6.5,10.0,9.5,10.0,10.1,6,37.8,38.6,54.8,4.87,357.0,31.4,32183,4.01,88.71,7172.0,8.4,1387.0,27347,27348,27348.0,27324.0,27348,61.07,0.686
98.97,24.95,0.073,420,5743.3,5750.1,127.275,134.44,124.855,49.9,0.03,1139,0.372002,-0.530693,5827,5854,7.3,8.2,7.8,8.2,8.1,2,38.7,39.5,51.8,4.92,363.0,34.2,32184,4.02,88.56,7176.0,8.7,1387.0,27355,27356,27356.0,27332.0,27356,61.07,0.689
101.35,24.69,0.067,430,5739.6,5736.2,185.82,196.915,190.515,55.0,0.04,1248,-0.389105,-0.423698,15342,15342,6.1,9.5,9.4,9.6,9.7,2,37.8,38.6,54.5,4.85,328.0,33.5,50966,3.75,87.14,8247.0,8.4,1280.0,65761,65761,65763.0,65745.0,65763,72.22,0.724
101.3,25.2,0.067,435,5736.0,5738.0,189.53,200.155,194.6,52.4,0.02,1248,-0.376278,-0.453657,15334,15334,6.0,9.4,9.2,9.5,9.0,1,37.8,38.6,56.3,4.81,320.0,32.6,50958,3.78,87.1,8235.0,8.7,1231.0,65736,65736,65738.0,65720.0,65738,72.2,0.724
100.85,25.2,0.067,435,5736.2,5736.7,189.29,200.405,194.435,52.4,0.01,1248,-0.380554,-0.445097,6033,6033,6.5,7.9,8.0,8.5,8.1,1,37.8,38.6,50.4,5.14,330.0,32.6,50958,3.78,87.1,3592.0,8.8,1602.0,65737,65737,65739.0,65721.0,65739,72.22,0.724
100.95,25.12,0.066,435,5736.7,5736.9,188.855,200.05,194.1,52.7,0.03,1248,-0.380554,-0.445097,15338,15338,6.2,9.8,9.5,9.8,9.7,5,37.8,38.6,54.9,4.84,328.0,33.6,50962,3.83,87.26,8241.0,8.6,1226.0,65748,65748,65750.0,65732.0,65750,72.22,0.723
101.55,25.15,0.066,435,5737.3,5737.2,189.175,199.665,194.075,52.8,0.03,1248,-0.380554,-0.445097,6037,6037,6.9,9.0,8.5,9.0,9.0,5,37.8,38.6,52.1,4.98,339.0,35.7,50962,3.82,87.26,3598.0,8.7,1621.0,65749,65749,65751.0,65733.0,65751,72.2,0.723
101.2,25.12,0.066,435,5736.8,5737.2,189.24,199.875,193.75,52.9,0.03,1248,-0.380554,-0.432258,15340,15340,6.1,9.6,9.5,10.3,9.3,7,37.8,38.6,55.7,4.65,328.0,34.3,50964,3.82,87.29,8244.0,8.7,1280.0,65754,65754,65756.0,65738.0,65756,72.22,0.724
101.2,25.12,0.066,435,5736.9,5737.0,189.135,200.445,194.265,53.0,0.03,1248,-0.380554,-0.432258,6039,6039,6.7,8.4,8.5,8.9,8.8,7,37.8,38.6,51.7,4.96,339.0,33.9,50964,3.82,87.29,3601.0,8.9,1553.0,65755,65755,65757.0,65739.0,65757,72.22,0.723
100.85,25.12,0.066,435,5737.7,5737.0,188.93,200.04,193.73,53.2,0.02,1248,-0.389105,-0.427978,6741,6768,7.3,8.0,7.9,8.1,8.3,2,38.7,39.5,52.3,4.85,339.0,34.3,50966,3.83,87.26,3603.0,8.6,1304.0,65759,65759,65761.0,65743.0,65761,72.22,0.723
102.0,40.81,0.084,445,5730.1,5730.8,66.255,70.595,65.89,25.8,0.21,1148,0.376278,-0.543532,14360,14360,5.9,9.8,9.6,9.8,9.8,7,37.8,38.6,57.7,4.67,344.0,28.4,49661,4.03,88.6,9711.0,9.4,1114.0,65194,65194,65196.0,65178.0,65196,57.34,0.703
101.95,40.83,0.084,445,5730.6,5730.8,66.385,70.155,65.91,25.1,0.27,1148,0.36345,-0.539252,5069,5069,6.8,8.5,8.6,9.1,9.0,7,37.8,38.6,52.9,4.81,335.0,35.4,49662,4.02,88.61,7120.0,8.6,1431.0,65195,65195,65197.0,65179.0,65197,57.34,0.703
98.84,14.36,0.081,460,5745.8,5741.2,158.715,167.78,167.37,45.7,0.01,1106,0.384829,-0.530693,5751,5778,7.0,8.7,8.4,8.7,8.7,5,38.7,39.5,51.5,4.73,363.0,33.0,49822,3.83,87.98,7313.0,8.6,1377.0,65296,65296,65298.0,65280.0,65298,65.33,0.704
98.94,14.35,0.081,460,5744.6,5741.2,158.675,167.655,166.425,46.3,0.0,1107,0.354898,-0.547812,5743,5770,7.1,7.9,7.8,8.0,8.4,4,38.7,39.5,50.2,5.01,352.0,33.3,49801,3.86,87.88,7301.0,8.5,1387.0,65272,65272,65274.0,65256.0,65274,65.33,0.693
98.89,14.36,0.081,460,5745.1,5740.8,158.675,168.0,166.455,46.2,0.0,1107,0.350622,-0.539252,14156,14156,6.2,10.2,9.6,10.2,9.9,4,37.8,38.6,55.1,4.81,359.0,31.8,49802,3.86,87.88,2695.0,8.7,1553.0,65273,65273,65275.0,65257.0,65275,65.33,0.693
98.88,14.36,0.081,460,5745.5,5741.0,158.565,168.03,166.96,45.6,0.0,1106,0.346347,-0.543532,14159,14159,6.1,9.8,9.5,10.2,9.5,7,37.8,38.6,57.5,4.7,363.0,32.7,49817,3.84,88.03,7306.0,8.5,1377.0,65282,65282,65284.0,65266.0,65284,65.33,0.701
101.6,40.33,0.085,435,5738.8,5737.8,65.11,69.2,64.545,31.7,0.37,1164,0.5603,0.492356,5085,5085,6.7,9.0,8.6,9.0,8.7,2,37.8,38.6,51.5,5.01,364.0,34.7,49749,4.03,88.32,7251.0,8.6,1387.0,65523,65523,65525.0,65507.0,65525,59.61,0.695
101.6,40.31,0.086,435,5739.1,5737.9,65.09,68.975,64.395,30.5,0.35,1163,0.556087,0.496564,5849,5876,6.9,8.2,8.1,8.2,7.9,3,38.7,39.5,50.9,4.93,364.0,31.5,49749,4.03,88.33,2648.0,8.9,1748.0,65524,65524,65526.0,65508.0,65526,59.61,0.694
101.7,40.35,0.086,435,5738.3,5737.8,65.18,68.92,64.58,28.3,0.35,1164,0.568726,0.496564,5077,5077,6.7,8.2,8.2,8.4,8.3,1,37.8,38.6,50.9,5.1,348.0,32.5,49741,4.04,88.45,7239.0,8.6,1431.0,65499,65499,65501.0,65483.0,65501,59.61,0.688
101.7,40.34,0.086,435,5738.7,5737.3,64.91,68.865,64.505,27.3,0.39,1164,0.556087,0.492356,5841,5868,7.2,8.2,7.9,8.2,8.3,2,38.7,39.5,50.6,4.94,355.0,34.2,49741,4.04,88.45,2636.0,8.9,1451.0,65500,65500,65502.0,65484.0,65502,59.61,0.689
101.7,40.34,0.085,435,5738.7,5737.8,65.02,68.9,64.63,29.5,0.34,1164,0.5603,0.496564,14372,14372,6.0,9.8,9.5,9.8,10.0,5,37.8,38.6,54.0,4.96,362.0,31.6,49745,4.03,88.33,2641.0,9.0,1700.0,65510,65510,65512.0,65494.0,65512,59.61,0.693
102.0,40.77,0.086,445,5730.4,5731.4,66.14,70.14,65.605,16.4,0.36,1098,0.367726,-0.517854,14385,14385,5.9,10.1,9.5,10.1,9.8,4,37.8,38.6,54.6,4.83,345.0,32.3,49783,3.87,88.03,17772.0,9.6,1382.0,65101,65101,65103.0,65085.0,65103,67.58,0.695
102.05,40.77,0.087,445,5730.6,5731.0,66.25,70.395,65.555,17.1,0.35,1098,0.372002,-0.505014,5094,5094,6.7,9.2,8.6,9.2,8.8,4,37.8,38.6,52.3,4.91,345.0,34.6,49784,3.87,88.02,9750.0,9.8,1162.0,65102,65102,65104.0,65086.0,65104,67.58,0.694
101.1,26.97,0.066,425,5747.7,5735.9,183.54,194.435,188.11,51.7,0.01,167,-0.52684,0.167128,1374,1374,6.6,8.8,8.6,8.8,9.0,10,37.1,37.9,53.6,4.74,338.0,35.7,44792,3.59,78.35,6594.0,9.6,1529.0,54408,54408,54410.0,54392.0,54410,74.43,0.339
101.15,26.99,0.065,425,5747.3,5736.5,183.6,194.145,188.505,50.5,0.02,168,-0.561106,0.151211,1366,1366,6.7,8.5,8.1,8.5,8.5,2,37.1,37.9,51.5,5.03,334.0,31.7,44784,3.62,78.32,6586.0,9.2,1626.0,54383,54383,54385.0,54367.0,54385,74.43,0.337
100.2,15.45,0.079,440,5737.9,5733.5,161.82,171.46,171.05,46.6,0.01,168,-0.53969,0.167128,2149,2149,9.5,6.9,6.5,6.9,7.1,1,36.3,37.1,54.7,4.36,339.0,34.8,44787,3.59,78.36,2608.0,8.8,1333.0,54393,54393,54395.0,54377.0,54395,74.43,0.337
100.1,15.45,0.079,440,5738.3,5734.3,161.825,170.755,170.745,46.6,0.01,167,-0.548256,0.167128,5315,5315,6.6,8.1,7.6,8.1,8.2,10,37.1,37.9,50.8,4.73,339.0,35.9,44788,3.6,78.35,14241.0,9.5,1700.0,54395,54395,54397.0,54379.0,54397,74.41,0.338
100.04,14.76,0.081,435,5743.8,5740.5,157.52,165.87,165.525,48.5,0.01,173,-0.543973,0.175086,2185,2185,9.4,6.9,6.4,6.9,6.5,1,36.3,37.1,54.4,4.44,329.0,32.3,44752,3.27,78.2,14229.0,9.3,1441.0,17628,17629,17629.0,17607.0,17629,71.98,0.325
90.25,22.89,0.076,435,5734.5,5738.8,109.985,116.25,133.72,73.6,0.01,173,-0.543973,0.175086,5350,5350,6.8,7.4,7.0,7.4,7.3,1,37.1,37.9,49.7,4.93,336.0,33.3,44753,3.27,78.2,6578.0,9.5,1534.0,17629,17630,17630.0,17608.0,17630,71.98,0.326
100.0,14.78,0.08,435,5743.2,5740.3,157.445,165.75,165.555,48.5,0.0,173,-0.543973,0.167128,1401,1401,6.6,8.6,8.0,8.6,8.4,1,37.1,37.9,51.6,5.04,338.0,35.8,44753,3.27,78.2,2597.0,9.0,1534.0,17630,17631,17631.0,17609.0,17631,71.98,0.325
100.04,14.76,0.081,435,5743.4,5740.3,157.0,165.91,165.645,48.4,0.02,173,-0.531123,0.151211,5353,5353,7.0,7.6,7.3,7.8,7.8,4,37.1,37.9,51.4,4.88,337.0,33.1,44756,3.27,78.2,6581.0,9.5,1626.0,17639,17640,17640.0,17618.0,17640,71.98,0.329
90.15,22.73,0.076,435,5734.6,5740.6,109.69,116.06,133.885,73.5,0.02,173,-0.52684,0.151211,1404,1404,6.5,7.9,8.0,8.3,8.5,4,37.1,37.9,52.8,4.82,336.0,33.3,44756,3.27,78.2,2600.0,8.9,1382.0,17640,17641,17641.0,17619.0,17641,71.98,0.329
90.16,22.73,0.076,435,5733.9,5740.5,109.825,115.95,133.79,73.4,0.02,173,-0.531123,0.159169,5354,5354,7.4,7.6,7.4,7.6,7.9,5,37.1,37.9,51.0,4.97,339.0,35.8,44757,3.27,78.2,6582.0,9.5,1626.0,17642,17643,17643.0,17621.0,17643,71.98,0.329
101.15,14.95,0.079,435,5732.7,5730.7,158.6,167.67,167.1,46.1,0.01,126,-0.496857,0.159169,1875,1875,9.8,7.3,7.0,7.4,7.7,5,36.3,37.1,54.0,4.34,,,44270,3.42,79.17,13972.0,9.5,1641.0,56273,56273,56275.0,56257.0,56275,72.76,0.313
90.64,23.11,0.077,435,5728.5,5735.5,111.065,117.195,135.245,69.3,0.02,126,-0.509707,0.151211,1215,1242,6.9,8.1,7.8,8.2,8.0,5,38.7,39.5,51.8,4.96,0.0,0.0,44270,3.42,79.17,6328.0,9.5,1582.0,56274,56274,56276.0,56258.0,56276,72.76,0.313
101.25,14.97,0.08,435,5732.5,5729.7,158.585,167.595,167.7,45.8,0.02,127,-0.582522,0.159169,1867,1867,9.5,7.9,7.4,7.9,7.7,6,36.3,37.1,53.2,4.58,,,44257,3.43,79.23,13964.0,9.6,1636.0,56249,56249,56251.0,56233.0,56251,72.76,0.305
90.73,23.18,0.078,435,5727.7,5735.2,111.34,117.675,135.2,67.9,0.02,127,-0.569673,0.159169,1207,1234,6.8,8.4,8.2,8.4,8.2,6,38.7,39.5,53.0,4.77,,,44258,3.43,79.24,6320.0,9.8,1382.0,56250,56250,56252.0,56234.0,56252,72.76,0.308
101.2,14.97,0.08,435,5732.4,5729.6,158.645,106.41,167.03,45.8,0.01,127,-0.569673,0.143252,5023,5023,6.9,8.0,7.6,8.0,7.9,6,37.1,37.9,49.5,4.97,,,44259,3.43,79.24,2359.0,9.1,1241.0,56251,56251,56253.0,56235.0,56253,72.76,0.308
101.2,14.97,0.08,435,5732.7,5730.6,158.65,167.46,167.34,45.9,0.01,127,-0.543973,0.151211,1871,1871,9.8,6.9,6.5,6.9,6.9,1,36.3,37.1,54.1,4.39,328.0,35.9,44269,3.43,79.18,13968.0,9.3,1656.0,56261,56261,56263.0,56245.0,56263,72.76,0.311
90.66,23.11,0.078,435,5728.9,5734.9,111.07,117.68,135.085,68.5,0.02,127,-0.53969,0.151211,1211,1238,6.8,8.2,7.7,8.2,7.7,1,38.7,39.5,51.7,4.97,,,44270,3.42,79.18,6324.0,9.4,1534.0,56262,56262,56264.0,56246.0,56264,72.76,0.312
101.2,14.96,0.08,435,5732.7,5729.7,158.505,167.46,166.885,45.9,0.01,127,-0.53969,0.167128,5027,5027,6.7,7.6,7.0,7.6,7.1,1,37.1,37.9,49.1,4.98,,,44270,3.42,79.13,2363.0,8.9,1436.0,56263,56263,56265.0,56247.0,56265,72.76,0.312
90.63,23.09,0.077,435,5729.9,5735.4,111.28,117.445,135.27,69.2,0.02,126,-0.496857,0.159169,5030,5030,7.1,7.7,7.5,7.7,7.7,4,37.1,37.9,50.5,4.98,,,44270,3.43,79.17,2366.0,9.0,1587.0,56272,56272,56274.0,56256.0,56274,72.76,0.314
101.25,14.97,0.08,435,5732.5,5730.3,159.55,168.055,167.225,45.7,0.01,125,0.471158,0.175086,1301,1328,7.0,8.5,8.1,8.5,8.5,4,38.7,39.5,52.4,4.77,352.0,32.7,44252,3.37,79.06,13999.0,9.1,1651.0,56247,56247,56249.0,56231.0,56249,73.69,0.318
90.72,23.15,0.078,435,5728.4,5733.8,111.205,117.265,134.91,67.8,0.02,125,0.475441,0.159169,1258,1258,7.0,8.9,8.9,9.4,9.1,13,37.1,37.9,53.3,4.79,340.0,34.3,44252,3.38,79.07,6355.0,9.3,1578.0,56248,56248,56250.0,56232.0,56250,73.7,0.318
101.3,14.99,0.08,435,5731.9,5730.3,159.215,168.27,167.325,45.3,0.02,125,0.565389,0.151211,5111,5111,6.8,7.7,7.6,8.2,7.6,9,37.1,37.9,50.3,4.8,349.0,33.3,44252,3.38,79.07,13991.0,9.1,1441.0,56223,56223,56225.0,56207.0,56225,73.7,0.315
90.92,23.34,0.078,435,5726.9,5734.4,111.29,117.43,135.22,69.4,0.01,125,0.569673,0.143252,1250,1250,6.7,8.4,8.2,8.4,8.4,5,37.1,37.9,53.3,4.77,339.0,32.8,44252,3.38,79.07,6347.0,9.4,1284.0,56224,56224,56226.0,56208.0,56226,73.7,0.315
101.3,15.0,0.079,435,5731.7,5729.0,159.2,168.06,166.89,45.4,0.0,125,0.548256,0.143252,1955,1955,9.5,7.2,6.7,7.2,7.2,1,36.3,37.1,54.8,4.32,351.0,32.4,44252,3.38,79.09,2383.0,8.7,1436.0,56225,56225,56227.0,56209.0,56227,73.69,0.315
101.25,14.98,0.08,435,5732.1,5729.2,159.015,167.915,167.445,45.5,0.01,125,0.505424,0.151211,5115,5115,6.7,8.7,8.0,8.7,8.2,13,37.1,37.9,51.7,4.8,353.0,32.6,44252,3.38,79.11,13995.0,9.3,1641.0,56235,56235,56237.0,56219.0,56237,73.69,0.317
90.76,23.19,0.078,435,5728.4,5734.6,111.115,117.51,135.17,68.0,0.01,125,0.505424,0.151211,1254,1254,7.0,9.1,8.6,9.1,9.4,9,37.1,37.9,53.4,4.79,340.0,35.8,44252,3.38,79.11,6351.0,9.5,1578.0,56236,56236,56238.0,56220.0,56238,73.7,0.317
101.2,14.98,0.079,435,5732.2,5729.2,159.465,167.435,167.63,45.5,0.01,125,0.496857,0.143252,1959,1959,9.7,7.6,7.4,7.8,7.9,5,36.3,37.1,54.0,4.43,354.0,32.8,44252,3.38,79.09,2387.0,8.8,1289.0,56237,56237,56239.0,56221.0,56239,73.7,0.317
101.2,14.98,0.08,435,5732.4,5729.5,158.75,167.805,167.29,45.6,0.01,125,0.479724,0.167128,1257,1257,7.2,9.2,8.9,9.2,9.3,12,37.1,37.9,53.3,4.77,352.0,32.7,44252,3.38,79.1,6354.0,9.2,1431.0,56245,56245,56247.0,56229.0,56247,73.69,0.318
100.2,14.91,0.079,435,5731.3,5730.1,158.745,167.275,166.27,41.1,0.0,173,-0.573956,0.167128,5244,5244,6.6,7.8,7.5,8.1,7.2,8,37.1,37.9,50.5,5.01,,,44374,3.5,79.0,6444.0,9.6,1631.0,56856,56856,56858.0,56840.0,56858,70.81,0.349
89.84,22.77,0.076,435,5737.6,5743.7,110.085,116.285,134.075,72.3,0.01,173,-0.591089,0.159169,5236,5236,6.7,7.7,7.4,7.8,7.8,9,37.1,37.9,51.7,4.76,,,44374,3.52,78.92,14083.0,9.4,1690.0,56832,56832,56834.0,56816.0,56834,70.81,0.338
89.84,22.73,0.076,435,5737.3,5743.3,110.115,116.31,134.085,72.3,0.02,173,-0.569673,0.159169,1425,1452,6.8,7.7,7.4,7.7,7.9,1,38.7,39.5,52.2,4.88,,,44374,3.51,79.0,2429.0,8.7,1387.0,56834,56834,56836.0,56818.0,56836,70.81,0.341
100.15,14.92,0.079,435,5731.5,5729.9,158.84,167.485,166.48,42.0,0.0,173,-0.556823,0.143252,2081,2081,9.7,7.1,6.9,7.1,7.2,5,36.3,37.1,53.9,4.45,,,44374,3.5,79.0,2432.0,8.8,1431.0,56845,56845,56847.0,56829.0,56847,70.81,0.347
100.25,14.91,0.079,435,5731.6,5729.4,158.61,167.88,166.595,41.2,0.0,173,-0.556823,0.151211,1432,1459,7.1,8.4,8.2,8.4,8.4,8,38.7,39.5,53.2,4.74,,,44374,3.5,78.98,14090.0,9.4,1690.0,56855,56855,56857.0,56839.0,56857,70.81,0.351
90.29,23.83,0.076,440,5733.7,5739.3,111.675,117.69,136.415,71.3,0.02,132,0.618662,0.120714,1079,1106,6.9,8.4,8.0,8.4,8.3,9,38.7,39.5,50.5,4.99,329.0,32.9,44226,3.62,79.18,6410.0,9.4,1626.0,55828,55828,55830.0,,55830,74.1,0.307
99.02,25.44,0.072,415,5761.9,5761.6,128.015,135.34,124.76,46.0,0.03,132,0.618662,0.112667,4899,4899,7.1,8.2,7.5,8.2,7.4,9,37.1,37.9,50.0,4.9,337.0,33.0,44226,3.62,79.18,2438.0,8.9,1338.0,55829,55829,55831.0,55813.0,55831,74.54,0.311
90.26,23.73,0.076,440,5733.7,5739.2,111.305,117.91,136.445,71.3,0.01,132,0.618662,0.120714,1741,1741,9.7,7.0,6.5,7.0,7.1,1,36.3,37.1,53.6,4.38,329.0,35.9,44226,3.6,79.2,14058.0,9.5,1592.0,55830,55830,55832.0,55814.0,55832,74.54,0.315
90.24,23.7,0.076,440,5733.5,5739.9,111.75,118.135,135.665,71.3,0.02,134,0.618662,0.120714,1810,1810,9.3,6.9,6.3,6.9,6.8,1,36.3,37.1,53.0,4.6,330.0,34.5,44374,3.45,78.75,14200.0,9.6,1397.0,17906,17907,17907.0,17885.0,17907,73.59,0.296
99.99,14.86,0.08,435,5746.2,5742.0,157.705,165.91,165.95,46.6,0.0,134,0.622871,0.120714,1149,1176,6.9,8.0,7.6,8.0,8.2,1,38.7,39.5,52.3,4.9,331.0,35.6,44374,3.45,78.75,6552.0,9.7,1431.0,17907,17908,17908.0,17886.0,17908,73.59,0.303
99.26,25.59,0.071,415,5761.8,5759.6,128.09,135.03,125.645,43.7,0.03,134,0.627079,0.120714,4968,4968,6.6,7.5,7.2,7.5,7.4,1,37.1,37.9,50.4,5.04,330.0,33.8,44374,3.44,78.83,2573.0,9.2,1485.0,17908,17909,17909.0,17887.0,17909,73.59,0.315
90.26,23.72,0.076,440,5731.9,5739.5,111.755,117.78,136.15,71.3,0.02,134,0.627079,0.128762,1153,1180,6.8,8.1,7.7,8.1,8.0,5,38.7,39.5,52.8,4.82,330.0,32.4,44374,3.41,78.81,,,,17919,17920,17920.0,17898.0,17920,73.34,0.346
99.23,25.55,0.071,415,5762.1,5760.4,128.25,134.865,125.455,44.8,0.02,133,0.622871,0.112667,4973,4973,6.7,8.1,7.9,8.1,8.1,6,37.1,37.9,51.8,4.79,320.0,30.3,44375,3.41,78.79,,,,17923,17924,17924.0,17902.0,17924,73.2,0.347
99.98,14.84,0.081,435,5746.2,5743.1,157.68,166.545,165.915,46.7,0.01,133,0.618662,0.120714,1816,1816,9.6,7.4,7.0,7.4,7.4,7,36.3,37.1,53.4,4.57,329.0,33.4,44376,3.41,78.8,,,,17924,17925,17925.0,17903.0,17925,73.2,0.347
90.14,23.63,0.076,440,5734.9,5741.3,111.685,118.105,136.405,72.2,0.02,142,0.555533,0.112667,1802,1802,9.7,7.3,7.0,7.3,7.5,8,36.3,37.1,53.8,4.41,340.0,35.7,44404,3.5,79.05,2501.0,8.8,1436.0,55909,55909,55911.0,55893.0,55911,74.26,0.314
0.0,0.0,0.065,435,5740.4,5731.2,187.59,198.82,192.62,52.0,0.03,142,0.551325,0.112667,1141,1168,7.0,8.6,8.5,8.7,8.5,8,38.7,39.5,52.9,4.8,339.0,33.0,44404,3.5,79.04,14128.0,9.4,1543.0,55910,55910,55912.0,55894.0,55912,74.26,0.316
97.5,24.85,0.078,415,5760.4,5766.1,125.835,131.575,121.905,49.0,0.02,141,0.551325,0.120714,4961,4961,7.2,8.0,7.7,8.0,8.2,8,37.1,37.9,51.0,4.93,340.0,34.6,44405,3.5,79.04,6481.0,9.5,1426.0,55911,55911,55913.0,55895.0,55913,74.26,0.318
90.11,23.64,0.076,440,5735.4,5740.9,111.48,117.69,136.2,72.3,0.02,141,0.559742,0.112667,1803,1803,9.7,8.0,7.5,8.0,8.0,9,36.3,37.1,54.5,4.28,340.0,36.0,44405,3.5,79.02,2502.0,8.8,1284.0,55912,55912,55914.0,55896.0,55914,73.91,0.319
0.0,0.0,0.065,435,5740.6,5731.0,187.665,198.245,192.475,52.1,0.03,141,0.551325,0.112667,1142,1169,7.1,8.9,8.3,8.9,9.1,9,38.7,39.5,52.5,4.9,340.0,33.4,44405,3.5,79.04,14129.0,9.5,1651.0,55913,55913,55915.0,55897.0,55915,73.91,0.32
97.5,24.82,0.078,415,5759.6,5766.2,124.71,132.635,122.755,49.1,0.03,141,0.555533,0.112667,4962,4962,6.7,8.5,7.9,8.5,8.1,9,37.1,37.9,50.6,4.91,340.0,35.9,44406,3.5,79.04,6482.0,9.6,1534.0,55914,55914,55916.0,55898.0,55916,73.9,0.321
90.11,23.63,0.076,440,5735.6,5740.7,111.83,118.105,136.115,72.3,0.02,141,0.551325,0.120714,1804,1804,9.8,6.6,6.5,6.8,6.5,1,36.3,37.1,54.8,4.36,340.0,32.9,44406,3.5,79.04,2503.0,8.8,1333.0,55915,55915,55917.0,55899.0,55917,73.9,0.323
0.0,0.0,0.065,435,5739.0,5731.2,187.515,198.355,192.77,52.2,0.02,141,0.547116,0.112667,1143,1170,6.8,8.2,7.5,8.2,7.7,1,38.7,39.5,51.3,5.04,340.0,34.7,44406,3.5,79.01,14130.0,9.5,1602.0,55916,55916,55918.0,55900.0,55918,73.9,0.323
97.47,24.76,0.078,415,5759.7,5765.5,124.475,132.0,122.19,49.2,0.02,141,0.555533,0.120714,4963,4963,6.7,7.3,7.2,7.4,7.8,1,37.1,37.9,50.2,4.98,340.0,35.9,44407,3.5,79.02,6483.0,9.6,1475.0,55917,55917,55919.0,55901.0,55919,73.9,0.323
90.09,23.6,0.076,440,5735.0,5740.6,111.555,117.855,136.035,72.3,0.02,141,0.551325,0.112667,1805,1805,10.0,6.9,6.7,6.9,6.8,2,36.3,37.1,53.8,4.44,340.0,33.4,44407,3.5,79.04,2504.0,8.9,1431.0,55918,55918,55920.0,55902.0,55920,73.9,0.323
0.0,0.0,0.065,435,5740.0,5731.6,187.615,198.48,192.26,52.3,0.02,141,0.559742,0.120714,1144,1171,7.1,8.1,7.9,8.1,8.1,2,38.7,39.5,51.5,4.95,341.0,35.8,44407,3.5,79.02,14131.0,9.6,1690.0,55919,55919,55921.0,55903.0,55921,73.9,0.324
97.48,24.82,0.078,415,5759.6,5765.7,124.82,132.23,122.24,49.2,0.02,141,0.551325,0.120714,4964,4964,6.9,7.6,7.4,7.8,7.7,2,37.1,37.9,50.9,4.94,340.0,32.9,44408,3.5,79.02,6484.0,9.6,1631.0,55920,55920,55922.0,55904.0,55922,73.9,0.324
90.15,23.59,0.076,440,5735.1,5741.4,111.34,117.85,136.045,72.3,0.01,141,0.551325,0.120714,1806,1806,9.7,6.9,6.8,6.9,7.2,3,36.3,37.1,53.6,4.54,340.0,35.0,44408,3.5,79.02,2505.0,9.0,1534.0,55921,55921,55923.0,55905.0,55923,73.9,0.326
97.35,24.79,0.079,415,5760.5,5766.9,124.365,131.875,122.205,50.0,0.03,138,0.589202,0.112667,4950,4950,6.9,7.8,7.7,7.9,7.9,6,37.1,37.9,51.4,4.86,329.0,34.5,44296,3.49,78.93,14126.0,9.2,1685.0,55956,55956,55958.0,55940.0,55958,74.37,0.315
97.44,24.77,0.078,415,5760.2,5765.8,123.785,131.805,122.16,49.5,0.02,139,0.593411,0.112667,4942,4942,6.7,7.9,7.6,8.0,7.9,7,37.1,37.9,51.5,4.82,312.0,33.0,44294,3.5,78.91,14118.0,9.4,1490.0,55932,55932,55934.0,55916.0,55934,74.37,0.316
97.4,24.77,0.078,415,5759.7,5766.3,123.895,131.945,122.135,49.6,0.03,139,0.606036,0.120714,4943,4943,6.7,8.1,7.6,8.1,7.8,8,37.1,37.9,49.2,4.97,322.0,34.3,44296,3.5,78.96,14119.0,9.3,1797.0,55935,55935,55937.0,55919.0,55937,74.37,0.317
97.37,24.76,0.078,415,5760.3,5765.7,124.39,131.57,121.51,49.6,0.03,139,0.593411,0.112667,4944,4944,6.5,7.6,7.6,7.9,7.9,9,37.1,37.9,49.2,4.96,325.0,35.8,44296,3.49,78.94,14120.0,9.4,1797.0,55938,55938,55940.0,55922.0,55940,74.37,0.315
97.36,24.68,0.078,415,5760.4,5765.9,124.105,131.99,121.95,49.7,0.01,139,0.589202,0.112667,4945,4945,6.5,7.2,7.2,7.4,7.4,1,37.1,37.9,48.9,5.01,327.0,34.2,44296,3.49,78.96,14121.0,9.4,1797.0,55941,55941,55943.0,55925.0,55943,74.37,0.317
97.35,24.72,0.079,415,5760.8,5765.8,123.87,131.62,122.51,49.8,0.02,139,0.589202,0.112667,4946,4946,6.5,7.1,7.3,7.8,7.3,2,37.1,37.9,50.1,5.01,328.0,32.7,44296,3.49,78.94,14122.0,9.4,1592.0,55944,55944,55946.0,55928.0,55946,74.37,0.316
97.34,24.76,0.078,415,5759.9,5766.4,116.9,132.205,121.81,49.8,0.03,139,0.597619,0.112667,4947,4947,6.6,7.8,7.5,7.8,7.7,3,37.1,37.9,50.7,4.97,329.0,33.2,44296,3.49,78.93,14123.0,9.5,1641.0,55947,55947,55949.0,55931.0,55949,74.37,0.316
97.34,24.75,0.078,415,5760.5,5766.0,124.63,131.58,122.7,49.9,0.02,139,0.593411,0.112667,4948,4948,7.3,7.6,7.6,7.8,8.4,4,37.1,37.9,49.7,4.92,329.0,34.0,44296,3.49,78.93,14124.0,9.5,1592.0,55950,55950,55952.0,55934.0,55952,74.37,0.315
97.36,24.77,0.078,415,5759.7,5767.0,123.97,131.85,121.28,49.9,0.02,139,0.584994,0.112667,4949,4949,6.7,7.7,7.5,7.9,7.9,5,37.1,37.9,50.4,4.82,329.0,35.9,44296,3.49,78.93,14125.0,9.1,1748.0,55953,55953,55955.0,55937.0,55955,74.37,0.316
96.63,24.56,0.08,415,5763.5,5768.9,123.02,130.895,120.875,51.0,0.02,123,-0.535407,0.159169,1358,1385,7.0,8.8,8.1,8.8,8.2,13,38.7,39.5,53.1,4.76,326.0,33.4,44738,3.29,78.16,6714.0,9.6,1534.0,18022,18023,18023.0,18001.0,18023,74.22,0.318
96.82,24.59,0.079,415,5763.8,5767.9,124.08,131.145,121.25,50.9,0.03,124,-0.586806,0.175086,1350,1377,7.0,7.9,7.7,8.0,8.1,5,38.7,39.5,52.0,4.81,323.0,35.0,44730,3.3,78.06,6706.0,9.7,1578.0,17998,17999,17999.0,17977.0,17999,74.22,0.316
96.7,24.55,0.08,415,5764.2,5768.6,123.82,131.465,121.37,50.9,0.02,123,-0.561106,0.167128,1354,1381,7.2,8.2,7.9,8.2,8.6,9,38.7,39.5,53.6,4.69,328.0,33.0,44734,3.3,78.16,6710.0,9.7,1480.0,18010,18011,18011.0,17989.0,18011,74.23,0.319
100.95,14.91,0.08,435,5734.3,5731.6,157.94,166.995,166.78,46.8,0.01,129,-0.53969,0.159169,1284,1284,6.2,8.7,8.3,8.7,8.4,10,37.1,37.9,53.2,4.76,339.0,35.7,44423,3.5,78.89,14213.0,9.4,1490.0,56078,56078,56080.0,56062.0,56080,72.67,0.329
100.75,14.87,0.08,435,5735.8,5732.5,158.355,166.625,166.405,47.4,0.01,137,-0.52684,0.159169,1336,1336,6.2,8.3,8.2,8.7,8.5,4,37.1,37.9,51.5,5.05,339.0,33.7,45103,4.52,85.82,2875.0,8.7,1387.0,56299,56299,56301.0,56283.0,56301,73.41,0.347
90.52,23.03,0.076,435,5730.8,5736.0,110.595,116.87,134.71,73.2,0.01,137,-0.531123,0.167128,1393,1420,7.1,8.3,8.3,8.5,8.7,9,38.7,39.5,51.5,4.74,348.0,34.2,45104,4.45,85.82,6892.0,9.5,1631.0,56300,56300,56302.0,56284.0,56302,73.41,0.348
90.5,22.98,0.077,435,5730.2,5736.3,110.625,117.005,134.27,72.8,0.01,137,-0.603939,0.183044,2039,2039,9.8,6.7,6.2,6.7,6.7,1,36.3,37.1,54.3,4.44,328.0,32.5,45095,4.47,85.76,14538.0,9.3,1641.0,56275,56275,56277.0,56259.0,56277,73.41,0.322
100.85,14.89,0.08,435,5735.0,5732.7,158.015,167.295,166.915,47.2,0.0,137,-0.603939,0.167128,1385,1412,7.1,8.0,7.9,8.0,8.3,1,38.7,39.5,52.3,4.9,336.0,32.8,45096,4.46,85.76,2511.0,8.5,1289.0,56276,56276,56278.0,56260.0,56278,73.41,0.325
90.46,22.98,0.077,435,5730.5,5735.4,110.695,116.94,134.8,72.9,0.02,137,-0.565389,0.151211,1389,1416,7.4,9.7,9.3,9.7,9.7,5,38.7,39.5,51.6,5.04,345.0,31.3,45100,4.55,85.86,6888.0,9.6,1529.0,56288,56288,56290.0,56272.0,56290,73.41,0.344
100.25,14.69,0.081,430,5743.8,5740.6,155.685,164.425,164.32,47.6,0.02,127,0.542908,0.120714,4890,4890,6.7,8.1,7.8,8.1,8.1,9,37.1,37.9,50.7,4.75,334.0,35.3,44722,3.28,78.19,2635.0,8.7,1289.0,17880,17881,17881.0,17859.0,17881,74.71,0.294
90.43,22.89,0.076,435,5731.1,5736.9,110.245,116.305,134.41,72.9,0.02,135,-0.509707,0.167128,1349,1376,7.1,8.2,7.9,8.2,8.2,4,38.7,39.5,50.4,5.16,330.0,33.2,44835,3.57,78.28,2485.0,8.4,1289.0,56112,56112,56114.0,56096.0,56114,72.67,0.332
100.7,14.85,0.08,435,5736.5,5734.1,158.31,166.08,166.46,47.5,0.01,136,-0.565389,0.175086,5158,5158,7.1,8.0,7.6,8.1,8.1,9,37.1,37.9,49.6,4.92,315.0,30.9,44827,3.59,78.22,2477.0,8.4,1289.0,56088,56088,56090.0,56072.0,56090,72.67,0.329
90.42,22.9,0.077,435,5730.8,5737.3,110.44,116.71,134.315,72.9,0.01,136,-0.565389,0.167128,1292,1292,6.7,8.2,8.4,8.7,8.8,5,37.1,37.9,52.1,4.97,336.0,33.8,44827,3.59,78.2,14288.0,9.5,1690.0,56089,56089,56091.0,56073.0,56091,72.67,0.33
90.41,22.88,0.077,435,5731.0,5736.0,110.645,116.85,134.42,72.9,0.02,136,-0.535407,0.159169,5162,5162,6.9,8.0,7.9,8.0,7.9,13,37.1,37.9,52.5,4.69,327.0,32.8,44831,3.57,78.29,2481.0,8.5,1231.0,56100,56100,56102.0,56084.0,56102,72.69,0.331
100.8,14.87,0.08,435,5735.8,5732.6,158.115,166.77,166.56,47.4,0.01,134,-0.565389,0.143252,1306,1306,7.0,8.6,8.3,8.6,8.7,6,37.1,37.9,52.5,4.87,336.0,35.3,44944,4.44,85.83,6760.0,9.7,1475.0,56169,56169,56171.0,56153.0,56171,74.76,0.331
90.45,22.91,0.076,435,5730.4,5736.9,110.48,116.615,134.37,72.9,0.02,138,-0.646771,0.151211,1441,1468,6.9,8.5,8.2,8.5,8.8,8,38.7,39.5,51.7,4.95,329.0,32.8,44752,3.58,78.33,14401.0,9.2,1617.0,56218,56218,,56202.0,56220,70.36,0.324
90.46,22.94,0.077,435,5730.7,5735.9,110.5,116.665,134.17,72.9,0.01,138,-0.681037,0.151211,1433,1460,7.1,8.4,8.1,8.4,8.2,9,38.7,39.5,51.4,4.98,319.0,32.3,44744,3.65,78.24,14393.0,9.3,1690.0,56194,56194,56196.0,56178.0,56196,70.37,0.322
100.75,14.87,0.08,435,5736.0,5734.3,158.3,166.355,166.165,47.4,0.01,138,-0.659621,0.167128,2086,2086,9.6,6.4,6.3,6.6,6.8,1,36.3,37.1,52.8,4.53,323.0,33.8,44744,3.61,78.31,2731.0,8.8,1485.0,56196,56196,56198.0,56180.0,56198,70.37,0.323
100.7,14.87,0.08,435,5736.8,5732.9,157.89,166.13,166.405,47.4,0.01,138,-0.651054,0.159169,2090,2090,9.7,6.9,6.9,7.5,7.3,5,36.3,37.1,54.2,4.38,327.0,32.2,44748,3.58,78.36,2735.0,8.9,1382.0,56208,56208,56210.0,56192.0,56210,70.36,0.323
100.65,14.86,0.08,435,5736.6,5733.4,158.06,166.875,166.16,47.5,0.01,138,-0.659621,0.151211,2093,2093,9.8,7.0,6.9,7.1,7.1,8,36.3,37.1,54.5,4.33,338.0,33.3,44751,3.58,78.36,2738.0,8.5,1187.0,56217,56217,56219.0,56201.0,56219,70.36,0.325
100.55,14.85,0.081,435,5737.5,5733.9,157.225,166.175,166.21,47.7,0.01,137,-0.642488,0.167128,1979,1979,9.6,6.8,6.6,6.8,6.9,4,36.3,37.1,54.1,4.4,330.0,32.5,44641,3.54,78.24,6700.0,9.6,1680.0,18195,18196,18196.0,18174.0,18196,72.94,0.36
101.25,15.09,0.079,435,5729.0,5726.0,160.48,169.24,167.835,42.2,0.0,126,0.663904,0.143252,1289,1316,7.1,8.0,7.8,8.0,8.3,5,38.7,39.5,52.1,4.73,331.0,35.6,44427,3.53,78.88,2486.0,8.4,1280.0,17972,17973,17973.0,17951.0,17973,74.22,0.319
101.25,15.09,0.079,435,5729.0,5727.7,159.99,169.14,167.95,42.0,0.0,126,0.655338,0.151211,5103,5103,7.0,7.8,7.4,7.8,7.8,1,37.1,37.9,49.9,4.92,329.0,33.0,44427,3.52,78.94,14297.0,9.5,1690.0,17973,17974,17974.0,17952.0,17974,74.22,0.317
101.3,15.08,0.08,435,5728.9,5726.7,159.72,168.925,167.59,41.4,0.01,126,0.663904,0.159169,5104,5104,6.8,7.9,7.5,7.9,7.9,2,37.1,37.9,51.2,4.92,321.0,32.2,44428,3.52,78.94,14298.0,9.5,1641.0,17976,17977,17977.0,17955.0,17977,74.23,0.318
101.35,15.07,0.08,435,5729.4,5726.1,159.94,169.15,167.775,41.3,0.0,126,0.655338,0.159169,1952,1952,9.8,7.6,7.2,7.6,7.2,11,36.3,37.1,54.5,4.39,327.0,35.6,44428,3.52,78.94,6648.0,9.7,1475.0,17977,17978,17978.0,17956.0,17978,74.22,0.317
100.1,14.78,0.08,435,5743.1,5739.3,157.26,166.395,165.95,48.4,0.01,175,-0.556823,0.159169,1424,1451,6.9,8.4,8.1,8.4,8.0,9,38.7,39.5,51.3,5.03,335.0,35.0,45086,4.5,85.91,14445.0,9.5,1558.0,56353,56353,56355.0,56337.0,56355,72.2,0.383
90.18,22.7,0.076,435,5734.0,5739.1,110.035,116.29,133.62,73.1,0.03,175,-0.595372,0.167128,2068,2068,9.7,6.7,6.4,6.7,6.6,1,36.3,37.1,54.9,4.3,327.0,31.9,45078,4.48,85.83,14439.0,9.3,1607.0,56328,56328,56330.0,56312.0,56330,72.21,0.318
100.2,14.79,0.08,435,5743.0,5739.1,157.525,166.25,165.895,48.1,0.01,175,-0.599655,0.143252,1416,1443,6.9,8.1,7.7,8.1,7.6,1,38.7,39.5,52.1,4.96,332.0,35.0,45078,4.5,85.83,6786.0,9.6,1534.0,56329,56329,56331.0,56313.0,56331,72.2,0.323
90.14,22.68,0.077,435,5733.8,5739.6,109.965,116.225,133.735,73.1,0.02,175,-0.599655,0.151211,5228,5228,6.7,7.3,7.2,7.3,7.1,1,37.1,37.9,49.7,4.92,335.0,34.7,45079,4.5,85.9,12030.0,8.6,1431.0,56330,56330,56332.0,56314.0,56332,72.2,0.334
100.1,14.79,0.08,435,5743.0,5739.3,156.965,165.995,165.845,48.2,0.01,175,-0.565389,0.143252,1418,1445,7.0,8.1,7.5,8.1,7.8,3,38.7,39.5,52.3,4.76,339.0,32.9,45080,4.45,85.94,6788.0,9.6,1538.0,56335,56335,56337.0,56319.0,56337,72.21,0.356
90.15,22.7,0.076,435,5733.8,5740.5,109.985,116.02,133.79,73.3,0.02,175,-0.55254,0.151211,2072,2072,9.7,7.3,6.8,7.3,7.3,5,36.3,37.1,53.9,4.38,340.0,33.5,45082,4.46,85.89,2777.0,8.9,1407.0,56340,56340,56342.0,56324.0,56342,72.2,0.369
90.51,23.12,0.077,440,5729.0,5735.9,112.18,118.8,136.625,72.2,0.02,199,0.651054,0.159169,1516,1543,6.7,8.0,7.8,8.1,8.2,1,38.7,39.5,51.5,5.0,341.0,34.0,44917,4.43,86.03,6785.0,9.5,1402.0,56681,56681,56683.0,56665.0,56683,73.7,0.328
0.0,0.0,0.066,430,5750.3,5737.4,183.9,194.775,188.54,52.6,0.02,199,0.668187,0.175086,1387,1387,6.9,8.7,8.5,8.8,9.1,10,37.1,37.9,52.9,4.79,341.0,36.0,44917,4.43,86.02,2775.0,8.6,1387.0,56682,56682,56684.0,56666.0,56684,73.7,0.329
90.52,23.13,0.077,440,5729.5,5735.6,112.485,118.82,136.73,72.1,0.02,199,-0.668187,0.175086,1386,1386,6.9,8.8,8.4,8.8,9.1,9,37.1,37.9,53.0,4.81,341.0,35.1,44916,4.43,86.02,2774.0,8.4,1436.0,56679,56679,56681.0,56663.0,56681,73.7,0.328
99.93,14.9,0.08,435,5739.2,5736.6,159.325,167.95,167.585,45.2,0.0,199,-0.663904,0.159169,2166,2166,9.4,7.5,6.9,7.5,7.3,5,36.3,37.1,53.3,4.48,341.0,33.8,44916,4.43,86.03,14438.0,9.2,1651.0,56680,56680,56682.0,56664.0,56682,73.7,0.329
90.23,22.77,0.076,435,5732.8,5738.4,110.395,116.52,134.08,71.3,0.02,176,-0.672471,0.151211,2059,2059,9.2,6.6,6.2,6.6,6.4,1,36.3,37.1,54.6,4.38,325.0,31.4,44857,4.43,85.8,2790.0,8.7,1387.0,18104,18105,18105.0,18083.0,18105,72.33,0.319
100.35,14.84,0.08,435,5740.9,5737.9,157.955,166.195,166.435,47.0,0.01,176,-0.663904,0.143252,1407,1434,7.0,7.5,7.3,7.5,8.1,1,38.7,39.5,51.8,4.96,328.0,33.2,44857,4.44,85.82,14455.0,9.5,1602.0,18105,18106,18106.0,18084.0,18106,72.33,0.321
90.25,22.79,0.076,435,5733.1,5739.9,110.105,116.22,134.205,71.3,0.02,176,-0.655338,0.151211,5220,5220,6.6,7.0,6.8,7.2,7.5,1,37.1,37.9,51.0,4.92,333.0,34.1,44857,4.44,85.9,6801.0,9.8,1475.0,18106,18107,18107.0,18085.0,18107,72.31,0.326
100.25,14.84,0.081,435,5741.3,5738.9,157.23,166.58,165.985,47.0,0.01,176,-0.663904,0.143252,2060,2060,9.7,7.0,6.4,7.0,6.8,2,36.3,37.1,54.0,4.48,328.0,35.9,44858,4.44,85.9,2791.0,8.7,1685.0,18107,18108,18108.0,18086.0,18108,72.31,0.328
100.5,14.85,0.08,435,5739.4,5736.9,157.985,166.11,166.25,46.4,0.0,171,0.635497,0.120714,2021,2021,9.9,7.4,7.1,7.4,7.2,10,36.3,37.1,53.4,4.54,332.0,34.1,44891,4.4,85.9,2722.0,8.7,1534.0,56142,56142,56144.0,56126.0,56144,73.85,0.333
90.31,22.82,0.076,435,5732.3,5738.8,110.36,116.25,134.04,70.7,0.01,171,0.627079,0.112667,1364,1391,6.9,8.4,8.3,8.4,8.1,6,38.7,39.5,51.6,4.75,330.0,35.8,44891,4.41,85.9,14384.0,9.5,1602.0,56143,56143,56145.0,56127.0,56145,73.85,0.336
100.55,14.86,0.08,435,5739.7,5736.4,157.675,166.025,166.145,46.4,0.0,171,0.627079,0.120714,5177,5177,7.0,7.4,7.4,8.1,7.8,2,37.1,37.9,49.4,5.01,331.0,34.1,44892,4.42,85.99,6732.0,9.6,1573.0,56144,56144,56146.0,56128.0,56146,73.85,0.336
100.4,14.82,0.08,435,5739.1,5736.8,157.465,166.125,166.385,46.6,0.0,170,0.576576,0.120714,2050,2050,9.8,7.1,6.9,7.1,7.1,7,36.3,37.1,54.1,4.34,318.0,32.3,44775,3.54,78.26,14305.0,9.3,1441.0,18078,18079,18079.0,18057.0,18079,73.49,0.315
90.59,23.2,0.076,435,5732.2,5738.9,110.07,116.385,134.255,72.4,0.0,170,0.580785,0.128762,1396,1423,7.2,8.2,7.8,8.3,8.4,3,38.7,39.5,51.6,4.84,324.0,33.5,44776,3.54,78.27,6655.0,9.5,1226.0,18079,18080,18080.0,18058.0,18080,73.49,0.316
100.35,14.84,0.08,435,5738.8,5736.7,157.66,166.51,166.01,46.4,0.0,170,0.580785,0.112667,1344,1344,6.9,8.9,8.2,8.9,9.0,12,37.1,37.9,53.5,4.75,325.0,33.9,44776,3.54,78.22,2646.0,9.0,1480.0,18080,18081,18081.0,18059.0,18081,73.49,0.317
0.0,0.0,0.064,435,5742.1,5734.4,189.295,200.92,194.275,53.0,0.01,215,-0.475441,0.175086,1714,1741,6.8,8.0,7.7,8.0,8.1,4,38.7,39.5,52.5,4.76,343.0,33.3,45360,3.57,84.9,2720.0,8.5,1280.0,18803,18804,18804.0,18782.0,18804,71.64,0.334
0.0,0.0,0.064,435,5741.6,5733.4,190.075,201.475,194.91,52.6,0.02,216,-0.55254,0.159169,5659,5659,6.9,7.7,7.6,7.8,7.7,9,37.1,37.9,49.8,4.9,332.0,32.8,45348,3.57,84.98,3051.0,8.9,1338.0,18779,18780,18780.0,18758.0,18780,71.64,0.331
99.16,25.74,0.073,420,5728.7,5739.0,127.775,134.65,125.45,49.3,0.02,216,-0.556823,0.143252,1680,1680,6.6,8.5,8.2,8.5,8.9,5,37.1,37.9,52.2,4.95,318.0,32.1,45349,3.57,84.97,14782.0,9.6,1602.0,18780,18781,18781.0,18759.0,18781,71.64,0.333
0.0,0.0,0.064,435,5741.9,5733.7,189.83,201.09,195.155,52.6,0.02,216,-0.548256,0.159169,2484,2484,9.7,7.0,6.5,7.0,6.8,1,35.7,36.5,54.3,4.41,337.0,35.6,45350,3.57,84.98,7085.0,9.5,1578.0,18781,18782,18782.0,18760.0,18782,71.64,0.332
99.41,14.84,0.081,435,5748.0,5745.0,159.26,168.05,167.865,47.8,0.01,206,-0.651054,0.151211,5460,5460,6.6,8.2,7.7,8.2,7.9,8,37.1,37.9,51.4,4.92,330.0,35.9,45389,3.08,84.8,6977.0,9.8,1524.0,18391,18392,18392.0,18370.0,18392,71.27,0.351
99.42,14.84,0.081,435,5747.7,5744.9,159.36,168.435,167.465,47.3,0.01,207,-0.663904,0.159169,2291,2291,9.7,7.4,7.2,7.5,7.2,9,36.3,37.1,53.7,4.48,321.0,32.5,45389,3.08,84.78,14644.0,9.4,1441.0,18366,18367,18367.0,18345.0,18367,71.27,0.33
90.17,22.69,0.076,435,5733.2,5739.8,111.05,116.77,134.635,72.3,0.02,207,-0.659621,0.167128,5452,5452,7.0,8.0,7.6,8.0,8.1,9,37.1,37.9,50.2,4.87,331.0,32.5,45389,3.08,84.78,6971.0,9.7,1123.0,18367,18368,18368.0,18346.0,18368,71.27,0.334
99.39,14.85,0.081,435,5747.3,5744.4,159.34,167.83,168.155,47.4,0.01,207,-0.659621,0.151211,1502,1502,6.6,9.0,8.2,9.0,8.3,9,37.1,37.9,53.3,4.76,325.0,35.3,45389,3.08,84.78,2578.0,8.8,1031.0,18368,18369,18369.0,18347.0,18369,71.26,0.339
99.42,14.85,0.081,435,5747.0,5744.2,159.04,168.34,167.6,47.4,0.01,207,-0.663904,0.159169,5453,5453,6.3,7.4,7.1,7.6,7.4,1,37.1,37.9,50.4,4.98,326.0,32.2,45389,3.08,84.77,14645.0,9.4,1807.0,18370,18371,18371.0,18349.0,18371,71.27,0.343
99.41,14.85,0.081,435,5747.6,5744.3,159.375,167.645,167.44,47.6,0.01,206,-0.646771,0.151211,1506,1506,7.0,8.9,8.2,8.9,9.3,4,37.1,37.9,52.4,4.87,327.0,32.2,45389,3.08,84.8,2581.0,8.6,1226.0,18380,18381,18381.0,18359.0,18381,71.26,0.35
99.69,14.85,0.08,435,5741.9,5740.6,159.135,167.985,167.74,46.4,0.02,201,-0.509707,0.159169,1426,1426,6.5,8.8,8.6,9.0,9.0,8,37.1,37.9,52.9,4.78,325.0,31.4,44818,3.56,78.14,2705.0,8.7,1387.0,56631,56631,56633.0,56615.0,56633,71.22,0.324
90.44,22.93,0.076,435,5732.2,5737.6,111.23,117.96,135.475,71.9,0.02,201,-0.509707,0.167128,2211,2211,9.7,7.5,7.3,7.7,7.6,9,36.3,37.1,54.3,4.46,331.0,34.2,44818,3.56,78.14,14366.0,9.6,1700.0,56632,56632,56634.0,56616.0,56634,71.22,0.324
0.0,0.0,0.066,435,5752.7,5739.5,184.825,196.1,190.23,51.7,0.01,201,-0.505424,0.159169,5376,5376,6.8,7.9,7.7,8.0,8.0,9,37.1,37.9,51.5,4.83,333.0,31.2,44818,3.56,78.22,6715.0,9.6,1558.0,56633,56633,56635.0,56617.0,56635,71.22,0.324
99.65,14.86,0.08,435,5742.5,5739.9,159.475,168.305,167.83,46.5,0.0,201,-0.518274,0.159169,1427,1427,6.6,8.8,8.6,8.9,9.2,9,37.1,37.9,53.0,4.81,337.0,33.2,44819,3.55,78.22,2706.0,8.8,1636.0,56634,56634,56636.0,56618.0,56636,71.22,0.325
90.39,22.9,0.076,435,5730.3,5737.8,111.02,117.425,135.38,71.9,0.01,201,-0.51399,0.167128,2212,2212,9.7,6.9,6.4,6.9,6.9,1,36.3,37.1,51.8,4.55,338.0,32.6,44820,3.55,78.2,14367.0,9.6,1700.0,56635,56635,56637.0,56619.0,56637,71.22,0.325
98.15,25.23,0.074,410,5732.1,5741.0,126.73,133.845,123.965,63.5,0.01,197,-0.505424,0.167128,2237,2237,10.0,7.4,7.1,7.4,7.1,8,36.3,37.1,55.0,4.33,320.0,33.0,45412,3.71,84.71,3045.0,9.0,1387.0,18317,18318,18318.0,18296.0,18318,71.22,0.326
98.03,25.23,0.073,410,5732.5,5742.3,126.205,134.04,123.765,62.6,0.02,197,-0.488291,0.167128,5404,5404,6.6,7.3,7.1,7.7,7.7,1,37.1,37.9,50.1,4.89,325.0,35.2,45416,3.61,84.75,14778.0,9.5,1748.0,18324,18325,18325.0,18303.0,18325,71.22,0.325
99.76,14.87,0.08,435,5741.0,5738.6,159.42,168.0,167.725,45.9,0.01,201,0.603939,0.167128,2246,2246,9.8,6.7,6.4,6.7,6.3,1,36.3,37.1,51.6,4.57,320.0,31.7,45490,3.71,84.99,7218.0,9.8,1480.0,56566,56566,56568.0,56550.0,56568,70.88,0.341
99.78,14.88,0.08,435,5740.0,5737.7,158.91,168.445,167.66,46.0,0.01,202,-0.633921,0.151211,2255,2255,9.6,6.4,6.2,6.5,6.6,1,36.3,37.1,52.5,4.63,321.0,33.1,44935,4.41,85.25,2842.0,8.8,1338.0,56540,56540,56542.0,56524.0,56542,73.31,0.346
90.67,23.4,0.076,440,5730.9,5737.0,112.22,118.635,109.82,73.1,0.0,202,-0.638205,0.167128,5419,5419,6.8,7.5,7.4,7.6,7.8,1,37.1,37.9,50.4,5.03,318.0,33.5,44935,4.45,85.25,14507.0,9.5,1851.0,56541,56541,56543.0,56525.0,56543,73.31,0.347
100.55,14.63,0.079,435,5731.4,5730.3,158.135,167.285,166.17,42.1,0.0,344,-0.51399,0.167128,2131,2158,7.0,8.3,8.3,8.6,8.6,12,38.7,39.5,52.2,4.9,331.0,31.9,45591,3.43,84.86,8341.0,9.6,1324.0,18472,18473,18473.0,18451.0,18473,71.92,0.73
90.41,22.11,0.077,435,5727.7,5735.5,110.63,116.835,134.785,70.3,0.01,344,-0.51399,0.175086,6076,6076,6.5,8.0,7.8,8.2,7.5,8,37.1,37.9,52.7,4.7,324.0,33.3,45591,3.43,84.86,4150.0,8.5,1172.0,18473,18474,18474.0,18452.0,18474,71.92,0.729
99.49,14.86,0.08,435,5746.3,5743.5,158.94,168.19,90.77,46.8,0.0,203,-0.762419,0.159169,2338,2338,9.5,6.8,6.6,6.8,7.0,3,36.3,37.1,53.7,4.49,329.0,33.9,45372,2.95,84.82,12053.0,8.5,1592.0,56814,56814,56816.0,56798.0,56816,71.27,0.339
90.21,22.72,0.076,435,5733.3,5738.8,110.745,117.12,134.96,72.0,0.02,203,-0.758136,0.159169,5500,5500,6.5,7.7,7.6,8.1,8.0,12,37.1,37.9,52.0,4.81,331.0,35.5,45372,2.95,84.82,2945.0,9.1,1333.0,56815,56815,56817.0,56799.0,56817,71.26,0.339
99.56,14.87,0.081,435,5746.1,5743.3,159.52,168.575,167.505,46.8,0.01,203,0.762419,0.159169,1544,1544,6.3,8.8,8.0,8.8,8.6,8,37.1,37.9,52.3,4.89,330.0,33.2,45372,2.95,84.82,2561.0,8.5,1328.0,56816,56816,56818.0,56800.0,56818,71.26,0.339
90.21,22.7,0.076,435,5732.9,5739.0,110.745,116.985,134.335,71.9,0.01,203,-0.758136,0.159169,2339,2339,9.8,6.8,6.6,6.8,6.8,4,36.3,37.1,54.4,4.39,331.0,32.3,45372,2.95,84.82,12054.0,8.6,1543.0,56817,56817,56819.0,56801.0,56819,71.26,0.341
101.75,14.87,0.08,440,5732.0,5728.4,159.875,169.415,168.51,47.3,0.01,280,-0.458308,0.151211,2805,2805,9.9,8.4,7.7,8.4,8.3,7,35.7,36.5,54.5,4.35,336.0,32.3,27951,3.41,84.76,3110.0,8.5,1289.0,18444,18445,18445.0,18423.0,18445,72.79,0.698
90.41,22.25,0.078,435,5726.9,5735.0,110.36,116.75,134.22,74.1,0.02,280,-0.466874,0.167128,2039,2066,7.1,9.0,8.9,9.3,9.2,7,38.7,39.5,52.3,4.8,344.0,31.4,27952,3.41,84.76,3470.0,8.7,1587.0,18445,18446,18446.0,18424.0,18446,72.79,0.699
101.8,14.88,0.08,440,5731.5,5728.8,160.055,169.275,168.6,46.7,0.0,280,-0.505424,0.167128,2799,2799,9.5,7.1,6.5,7.1,7.0,1,35.7,36.5,54.4,4.43,314.0,33.0,27939,3.4,85.89,3104.0,8.5,1231.0,18420,18421,18421.0,18399.0,18421,73.09,0.692
90.41,22.27,0.076,435,5726.9,5735.4,110.355,116.5,134.235,74.1,0.02,280,-0.501141,0.167128,2033,2060,6.9,8.5,8.1,8.5,8.3,1,38.7,39.5,50.3,5.17,333.0,32.7,27940,3.4,85.89,3464.0,8.8,1690.0,18421,18422,18422.0,18400.0,18422,72.79,0.694
101.75,14.88,0.079,440,5731.7,5728.4,160.435,168.65,168.76,47.0,0.01,280,-0.475441,0.167128,2802,2802,9.7,7.1,7.0,7.7,7.4,4,35.7,36.5,53.9,4.44,337.0,33.4,27945,3.42,84.93,3107.0,8.2,1280.0,18432,18433,18433.0,18411.0,18433,72.79,0.699
90.42,22.25,0.076,435,5728.0,5735.5,110.28,116.745,134.58,74.1,0.02,280,-0.484008,0.159169,2036,2063,7.0,9.1,8.6,9.1,8.8,4,38.7,39.5,51.8,4.88,344.0,32.0,27946,3.42,84.93,3467.0,8.5,1485.0,18433,18434,18434.0,18412.0,18434,72.79,0.698
90.81,23.37,0.077,440,5728.5,5734.3,112.13,118.13,136.38,68.7,0.0,198,-0.569673,0.175086,5436,5436,6.5,7.2,7.0,7.4,7.2,2,37.1,37.9,50.8,4.96,330.0,33.9,45330,3.74,85.6,6949.0,9.5,1680.0,56462,56462,56464.0,56446.0,56464,71.26,0.336
0.0,0.0,0.066,430,5746.2,5734.1,184.01,194.59,188.18,50.0,0.03,198,-0.561106,0.175086,1486,1486,7.0,7.9,7.7,8.0,8.0,2,37.1,37.9,51.8,5.0,331.0,33.4,45330,3.74,85.58,2536.0,8.5,1480.0,56463,56463,56465.0,56447.0,56465,71.27,0.337
98.86,25.86,0.072,420,5731.4,5754.9,128.635,136.05,126.195,50.6,0.01,246,-0.582522,0.159169,2530,2530,9.5,7.6,7.2,7.6,7.4,10,35.7,36.5,53.6,4.5,336.0,35.7,45419,3.59,84.76,2675.0,8.5,1280.0,18501,18502,18502.0,18480.0,18502,69.2,0.336
0.0,0.0,0.065,425,5753.2,5743.8,184.43,195.52,189.775,55.0,0.02,246,-0.582522,0.167128,1760,1787,7.1,8.0,7.9,8.1,8.1,6,38.7,39.5,52.1,4.8,338.0,33.3,45419,3.58,84.65,14743.0,9.5,1602.0,18502,18503,18503.0,18481.0,18503,69.19,0.336
98.84,25.88,0.073,420,5731.8,5755.8,128.55,135.78,126.135,50.6,0.01,246,-0.573956,0.167128,5708,5708,7.1,7.5,7.3,7.7,7.5,2,37.1,37.9,52.1,4.75,339.0,35.7,45419,3.59,84.65,7065.0,9.6,1499.0,18503,18504,18504.0,18482.0,18504,69.2,0.337
99.43,14.87,0.081,435,5745.1,5743.3,159.33,167.83,167.84,46.9,0.0,204,0.471158,0.167128,1534,1534,7.1,8.7,8.4,8.8,8.7,8,37.1,37.9,52.1,4.96,331.0,32.3,45419,3.61,84.6,14726.0,9.5,1612.0,18777,18778,18778.0,18756.0,18778,71.48,0.333
90.26,22.77,0.076,435,5733.0,5738.8,111.05,116.965,134.795,72.1,0.01,204,0.466874,0.167128,2326,2326,9.7,7.8,7.2,7.8,7.7,9,36.3,37.1,55.1,4.26,329.0,33.8,45419,3.61,84.6,7048.0,9.6,1475.0,18778,18779,18779.0,18757.0,18779,71.49,0.334
99.55,14.87,0.08,435,5744.9,5743.1,144.985,168.195,167.73,46.7,0.01,205,-0.518274,0.167128,1526,1526,7.0,8.6,8.4,8.8,8.3,9,37.1,37.9,53.0,4.84,331.0,34.5,45419,3.6,84.71,7042.0,9.5,1451.0,18753,18754,18754.0,18732.0,18754,71.49,0.323
90.26,22.77,0.077,435,5732.2,5738.9,110.68,116.9,134.92,71.7,0.02,205,-0.51399,0.167128,1527,1527,6.6,8.1,7.7,8.1,8.2,1,37.1,37.9,51.0,5.14,330.0,33.6,45419,3.62,84.59,7043.0,9.5,1631.0,18756,18757,18757.0,18735.0,18757,71.49,0.328
99.46,14.87,0.081,435,5745.4,5742.6,159.385,167.65,167.32,46.8,0.01,205,-0.501141,0.167128,5481,5481,7.0,7.9,7.4,7.9,7.6,3,37.1,37.9,50.8,4.99,331.0,32.4,45419,3.61,84.63,14723.0,9.5,1651.0,18761,18762,18762.0,18740.0,18762,71.48,0.331
99.48,14.86,0.08,435,5745.1,5743.3,159.385,168.255,168.095,46.8,0.0,204,-0.492574,0.159169,1530,1530,7.3,8.7,8.4,8.8,8.8,4,37.1,37.9,52.8,4.85,332.0,33.7,45419,3.61,84.63,7046.0,9.5,1675.0,18765,18766,18766.0,18744.0,18766,71.49,0.332
90.22,22.76,0.076,435,5731.9,5739.2,110.875,117.015,135.06,71.8,0.02,204,-0.488291,0.159169,2322,2322,9.8,7.2,6.9,7.2,7.3,5,36.3,37.1,54.1,4.41,329.0,33.8,45419,3.61,84.61,2655.0,8.5,1328.0,18766,18767,18767.0,18745.0,18767,71.49,0.333
90.38,23.05,0.076,435,5733.3,5739.0,110.905,116.825,135.135,72.3,0.0,204,-0.475441,0.159169,5484,5484,6.6,8.1,7.6,8.1,7.9,6,37.1,37.9,50.8,4.99,330.0,35.7,45419,3.61,84.6,12088.0,8.5,1661.0,18770,18771,18771.0,18749.0,18771,71.48,0.333
90.31,22.92,0.076,435,5732.6,5738.8,111.015,117.275,135.12,72.2,0.0,204,-0.466874,0.151211,2324,2324,9.8,7.3,7.1,7.3,7.4,7,36.3,37.1,53.3,4.5,322.0,32.0,45419,3.61,84.6,2657.0,8.5,1328.0,18772,18773,18773.0,18751.0,18773,71.48,0.332
90.03,22.68,0.076,435,5735.1,5741.7,110.625,116.545,134.62,72.8,0.02,209,0.466874,0.159169,2381,2381,9.7,7.0,6.9,7.2,6.9,2,36.3,37.1,53.7,4.52,342.0,35.8,27385,3.5,84.59,12097.0,8.5,1631.0,18833,18834,18834.0,18812.0,18834,72.91,0.342
90.17,22.89,0.075,435,5734.8,5741.2,110.55,117.175,135.13,73.1,0.01,210,0.52684,0.151211,2377,2377,10.1,7.7,7.3,7.7,7.5,11,36.3,37.1,54.8,4.37,337.0,32.6,27373,3.55,84.67,12091.0,8.5,1631.0,18808,18809,18809.0,18787.0,18809,72.88,0.339
0.0,0.0,0.066,435,5739.8,5731.8,188.825,199.625,193.115,50.7,0.01,210,0.518274,0.159169,1587,1614,7.0,8.1,7.9,8.1,8.3,7,38.7,39.5,52.4,4.9,322.0,30.3,27373,3.55,84.68,14727.0,9.4,1661.0,18809,18810,18810.0,18788.0,18810,72.91,0.34
0.0,0.0,0.066,435,5740.3,5732.2,189.32,199.975,193.485,50.6,0.01,210,0.518274,0.151211,2378,2378,10.0,7.3,7.1,7.3,7.5,12,36.3,37.1,54.0,4.41,320.0,31.9,27374,3.52,84.6,12092.0,8.5,1480.0,18811,18812,18812.0,18790.0,18812,72.91,0.34
99.3,25.84,0.072,420,5726.7,5736.6,128.545,135.565,126.175,48.2,0.02,210,0.505424,0.151211,1589,1616,6.9,8.7,8.4,8.7,8.2,9,38.7,39.5,52.9,4.8,325.0,32.8,27376,3.52,84.59,14729.0,9.4,1592.0,18815,18816,18816.0,18794.0,18816,73.0,0.341
0.0,0.0,0.065,435,5739.8,5732.2,190.02,200.52,193.89,50.1,0.02,210,0.488291,0.143252,1582,1582,7.0,8.1,8.1,8.5,8.3,3,37.1,37.9,52.8,4.82,336.0,35.3,27380,3.51,84.59,2662.0,8.5,1275.0,18823,18824,18824.0,18802.0,18824,72.98,0.342
90.08,22.74,0.076,435,5734.5,5742.2,110.275,116.795,134.665,72.9,0.02,210,-0.471158,0.143252,5543,5543,6.5,8.2,7.7,8.2,7.9,8,37.1,37.9,50.1,4.83,338.0,33.3,27381,3.5,84.58,7054.0,9.6,1534.0,18825,18826,18826.0,18804.0,18826,73.01,0.342
0.0,0.0,0.065,435,5740.3,5732.1,189.46,200.26,194.665,50.0,0.02,210,0.471158,0.151211,1584,1584,6.6,8.6,8.3,8.8,8.8,5,37.1,37.9,52.1,4.96,341.0,35.9,27383,3.51,84.59,2664.0,8.5,1226.0,18829,18830,18830.0,18808.0,18830,72.94,0.342
99.5,14.86,0.08,435,5744.2,5742.1,159.15,168.11,167.71,46.7,0.02,213,-0.565389,0.159169,2390,2390,9.9,7.4,7.1,7.4,7.2,11,36.3,37.1,53.4,4.5,331.0,33.7,45297,3.72,85.79,14595.0,9.3,1543.0,56754,56754,56756.0,56738.0,56756,73.02,0.323
90.38,22.96,0.076,435,5732.9,5737.9,111.24,117.125,135.095,72.0,0.02,213,-0.569673,0.159169,1600,1627,6.9,8.0,8.0,8.2,8.1,7,38.7,39.5,52.7,4.82,330.0,33.7,45297,3.72,85.81,6943.0,9.5,1382.0,56755,56755,56757.0,56739.0,56757,73.02,0.324
99.5,14.86,0.08,435,5744.4,5741.4,159.505,167.575,167.125,46.7,0.0,213,-0.561106,0.151211,5551,5551,6.3,7.8,7.4,7.8,8.1,3,37.1,37.9,51.2,4.88,332.0,33.5,45297,3.72,85.71,2530.0,8.5,1289.0,56756,56756,56758.0,56740.0,56758,73.02,0.325
99.65,14.86,0.08,435,5743.1,5741.0,159.635,168.315,167.59,46.5,0.01,205,-0.591089,0.159169,1570,1597,7.0,8.0,7.9,8.2,8.2,3,38.7,39.5,51.5,5.01,341.0,35.8,45345,3.56,85.02,2610.0,8.5,1289.0,18539,18540,18540.0,18518.0,18540,69.79,0.372
90.31,22.73,0.076,435,5731.8,5737.7,111.21,117.16,135.055,71.9,0.02,205,-0.612505,0.167128,1565,1565,6.8,9.1,8.6,9.1,8.9,12,37.1,37.9,52.9,4.82,330.0,32.8,45346,3.56,85.02,2995.0,8.7,1387.0,18540,18541,18541.0,18519.0,18541,69.79,0.374
99.66,14.85,0.08,435,5743.0,5740.3,159.79,168.91,167.435,46.5,0.02,206,-0.612505,0.159169,5517,5517,6.5,7.9,7.6,8.0,7.9,8,37.1,37.9,51.8,4.81,322.0,31.2,45330,3.49,85.4,2989.0,8.8,1670.0,18515,18516,18516.0,18494.0,18516,69.79,0.323
90.44,22.99,0.076,435,5731.2,5738.5,111.22,117.36,135.51,72.1,0.02,206,-0.595372,0.151211,1557,1557,6.4,8.1,8.1,8.3,8.2,4,37.1,37.9,52.8,4.81,331.0,32.1,45330,3.49,85.41,14670.0,9.4,1700.0,18516,18517,18517.0,18495.0,18517,69.79,0.327
99.75,14.87,0.08,435,5742.8,5740.4,159.055,168.005,167.92,46.5,0.0,205,-0.591089,0.159169,5521,5521,6.5,7.9,7.5,8.0,7.7,12,37.1,37.9,52.2,4.78,338.0,33.8,45333,3.51,85.02,2606.0,8.5,1328.0,18527,18528,18528.0,18506.0,18528,69.78,0.364
90.31,22.81,0.076,435,5731.4,5738.3,111.135,117.285,135.02,72.0,0.02,205,-0.591089,0.159169,1561,1561,7.0,8.4,8.3,8.5,8.6,8,37.1,37.9,52.3,4.93,328.0,32.5,45335,3.51,85.03,14674.0,9.6,1675.0,18528,18529,18529.0,18507.0,18529,69.79,0.365
99.74,14.88,0.08,435,5742.8,5740.5,159.28,168.0,167.565,46.5,0.0,205,-0.591089,0.159169,2357,2357,9.4,6.9,6.8,7.2,6.7,4,36.3,37.1,54.3,4.47,340.0,35.7,45335,3.52,85.03,7001.0,9.6,1578.0,18529,18530,18530.0,18508.0,18530,69.79,0.367
90.32,22.81,0.077,435,5731.2,5737.7,111.085,117.35,134.855,72.0,0.02,205,-0.582522,0.159169,5522,5522,6.6,7.9,7.8,8.2,8.3,13,37.1,37.9,51.7,4.7,329.0,35.3,45336,3.52,85.03,2607.0,8.5,1289.0,18530,18531,18531.0,18509.0,18531,69.79,0.368
90.31,22.77,0.076,435,5732.0,5738.8,110.845,117.485,134.705,72.0,0.02,207,-0.702453,0.167128,2317,2317,9.8,7.2,7.1,7.4,7.0,9,36.3,37.1,53.8,4.41,329.0,31.8,45419,3.58,84.61,7152.0,9.6,1724.0,56727,56727,56729.0,56711.0,56729,70.49,0.361
0.0,0.0,0.066,435,5753.3,5740.3,188.845,199.63,193.435,51.5,0.02,207,-0.715303,0.167128,5478,5478,6.9,7.7,7.4,8.0,7.5,9,37.1,37.9,50.7,4.73,332.0,33.1,45419,3.58,84.63,2780.0,8.5,1294.0,56728,56728,56730.0,56712.0,56730,70.47,0.362
99.6,14.87,0.08,435,5743.4,5740.8,159.565,168.18,167.61,46.7,0.02,207,-0.676754,0.183044,2309,2309,9.5,6.3,6.4,6.6,6.6,1,36.3,37.1,52.5,4.65,317.0,33.0,45419,3.61,84.67,2774.0,8.5,1280.0,56703,56703,56705.0,56687.0,56705,70.49,0.325
90.41,22.91,0.076,435,5732.0,5738.7,111.215,117.655,135.09,72.0,0.03,207,-0.668187,0.175086,5470,5470,6.5,6.9,6.9,7.1,6.9,1,37.1,37.9,51.1,4.88,329.0,32.6,45419,3.61,84.68,3111.0,8.6,1578.0,56704,56704,56706.0,56688.0,56706,70.49,0.329
0.0,0.0,0.066,435,5753.2,5739.4,189.055,199.605,193.74,51.8,0.02,207,-0.668187,0.143252,5474,5474,6.5,7.5,7.3,7.9,7.6,5,37.1,37.9,49.6,4.98,343.0,32.1,45419,3.58,84.6,3115.0,8.8,1338.0,56716,56716,56718.0,56700.0,56718,70.49,0.359
0.0,0.0,0.066,435,5753.5,5740.0,187.995,199.01,193.315,51.7,0.01,207,-0.663904,0.167128,5475,5475,6.7,7.6,7.4,7.7,7.8,6,37.1,37.9,51.0,4.92,344.0,32.6,45419,3.58,84.6,2777.0,8.4,982.0,56719,56719,56721.0,56703.0,56721,70.49,0.359
0.0,0.0,0.066,435,5753.6,5740.4,188.615,198.88,193.505,51.6,0.02,207,-0.659621,0.167128,5476,5476,6.5,7.6,7.3,7.6,8.0,7,37.1,37.9,51.1,4.74,325.0,31.4,45419,3.58,84.63,2778.0,8.4,1177.0,56722,56722,56724.0,56706.0,56724,70.49,0.361
98.32,25.75,0.074,420,5734.9,5759.5,127.895,134.885,125.395,52.7,0.02,261,-0.479724,0.159169,1771,1798,7.1,8.2,8.0,8.3,8.3,4,38.7,39.5,52.5,4.83,342.0,34.2,45419,3.59,84.6,12084.0,8.6,1534.0,56882,56882,56884.0,56866.0,56884,69.2,0.337
98.31,25.74,0.075,420,5735.5,5759.5,127.77,134.955,125.1,52.7,0.02,261,-0.484008,0.159169,1736,1736,6.9,9.0,8.5,9.0,9.1,13,37.1,37.9,52.3,4.96,327.0,32.9,45419,3.57,84.6,14720.0,9.4,1602.0,56883,56883,56885.0,56867.0,56885,69.2,0.338
98.45,25.77,0.074,420,5733.4,5758.3,128.095,134.775,125.545,52.6,0.04,262,-0.535407,0.159169,5715,5715,6.7,8.1,7.6,8.1,8.0,9,37.1,37.9,52.6,4.7,337.0,32.1,45419,3.62,84.68,14714.0,9.4,1446.0,56858,56858,56860.0,56842.0,56860,69.2,0.337
98.44,25.77,0.074,420,5734.3,5757.5,128.17,134.91,125.56,52.4,0.02,262,-0.535407,0.151211,1728,1728,6.7,8.8,8.2,8.8,9.1,5,37.1,37.9,52.0,4.99,323.0,32.8,45419,3.62,84.68,7036.0,9.6,1426.0,56859,56859,56861.0,56843.0,56861,69.2,0.337
98.47,25.77,0.074,420,5734.0,5758.3,128.28,135.085,125.215,52.4,0.02,262,-0.535407,0.159169,2534,2534,9.4,6.8,6.6,6.9,6.9,1,35.7,36.5,54.5,4.37,343.0,35.2,45419,3.62,84.58,2645.0,8.7,1431.0,56860,56860,56862.0,56844.0,56862,69.2,0.337
98.38,25.76,0.074,420,5733.6,5758.5,127.93,134.49,125.34,52.4,0.02,262,-0.51399,0.159169,5719,5719,6.8,7.8,7.7,7.8,8.0,13,37.1,37.9,49.9,4.88,346.0,33.2,45419,3.62,84.6,12080.0,8.7,1480.0,56870,56870,56872.0,56854.0,56872,69.2,0.337
98.36,25.77,0.074,420,5734.6,5758.7,128.005,134.925,125.58,52.4,0.02,262,-0.509707,0.159169,1732,1732,6.6,8.9,8.4,8.9,8.5,9,37.1,37.9,53.0,4.81,332.0,33.0,45419,3.62,84.6,7040.0,9.5,1578.0,56871,56871,56873.0,56855.0,56873,69.19,0.339
98.31,25.74,0.074,420,5734.3,5758.7,127.43,135.13,125.105,52.4,0.03,262,-0.505424,0.167128,2538,2538,9.8,7.5,7.0,7.5,7.5,5,35.7,36.5,54.2,4.39,347.0,35.3,45419,3.62,84.61,2649.0,8.6,1231.0,56872,56872,56874.0,56856.0,56874,69.19,0.337
98.31,25.77,0.075,420,5734.4,5759.5,127.695,134.625,125.02,52.7,0.02,261,-0.484008,0.159169,2541,2541,9.7,7.8,7.1,7.8,7.6,8,35.7,36.5,54.1,4.34,332.0,33.6,45419,3.58,84.59,7041.0,9.6,1382.0,56881,56881,56883.0,56865.0,56883,69.2,0.338
0.0,0.0,0.064,425,5746.1,5737.1,184.765,195.735,190.07,52.7,0.01,223,-0.52684,0.167128,1615,1615,6.5,8.4,8.3,8.4,8.7,4,37.1,37.9,52.3,4.93,343.0,33.3,45389,3.11,84.78,3001.0,8.7,1333.0,57200,57200,57202.0,57184.0,57202,71.03,0.333
0.0,0.0,0.064,425,5746.3,5736.9,184.99,195.545,189.895,52.8,0.02,223,-0.53969,0.151211,1628,1655,7.1,8.4,8.2,8.4,8.8,13,38.7,39.5,52.3,4.89,343.0,35.8,45389,3.11,84.78,14682.0,9.3,1446.0,57201,57201,57203.0,57185.0,57203,71.04,0.335
0.0,0.0,0.066,425,5745.6,5736.3,184.45,195.57,189.57,53.1,0.0,224,-0.625355,0.143252,2408,2408,9.6,7.2,7.1,7.4,7.5,9,36.3,37.1,54.4,4.29,330.0,31.9,45389,3.1,84.78,14676.0,9.4,1514.0,57176,57176,57178.0,57160.0,57178,71.04,0.324
0.0,0.0,0.065,425,5745.6,5736.3,184.58,195.46,189.29,52.9,0.01,224,-0.621072,0.143252,1620,1647,7.1,8.2,7.9,8.2,8.5,5,38.7,39.5,53.0,4.75,337.0,35.0,45389,3.1,84.78,2611.0,8.6,1231.0,57177,57177,57179.0,57161.0,57179,71.04,0.325
0.0,0.0,0.065,425,5745.1,5736.8,184.805,196.16,189.37,52.8,0.01,224,-0.612505,0.151211,5572,5572,6.7,7.9,7.6,7.9,7.6,1,37.1,37.9,50.4,4.81,339.0,34.6,45389,3.1,84.8,2996.0,8.8,1382.0,57178,57178,57180.0,57162.0,57180,71.04,0.327
0.0,0.0,0.064,425,5745.8,5736.5,184.915,195.54,189.825,52.4,0.02,224,-0.565389,0.159169,1624,1651,7.2,8.4,8.2,8.5,8.4,9,38.7,39.5,52.0,4.93,343.0,35.7,45389,3.1,84.75,7007.0,9.7,1626.0,57189,57189,57191.0,57173.0,57191,71.04,0.332
0.0,0.0,0.064,425,5746.0,5736.4,185.035,195.395,189.76,52.4,0.01,224,-0.556823,0.167128,5576,5576,6.3,7.8,7.5,7.8,8.0,5,37.1,37.9,50.6,5.03,342.0,32.9,45389,3.1,84.8,2613.0,8.4,1275.0,57190,57190,57192.0,57174.0,57192,71.03,0.332
0.0,0.0,0.064,425,5744.8,5736.7,185.075,196.155,189.81,52.4,0.02,224,-0.55254,0.151211,1612,1612,6.4,8.4,8.3,8.7,8.6,1,37.1,37.9,51.1,5.11,343.0,34.6,45389,3.1,84.8,14681.0,9.5,1651.0,57191,57191,57193.0,57175.0,57193,71.03,0.333
0.0,0.0,0.064,425,5746.2,5736.4,185.03,195.845,190.05,52.7,0.02,223,-0.52684,0.159169,5579,5579,6.7,8.0,7.5,8.2,7.6,8,37.1,37.9,52.0,4.77,343.0,36.0,45389,3.11,84.77,2616.0,8.5,1280.0,57199,57199,57201.0,57183.0,57201,71.04,0.334
99.2,25.75,0.073,420,5728.4,5738.7,128.005,135.305,125.405,49.2,0.01,214,-0.741003,0.159169,5550,5550,6.8,7.4,7.6,8.0,7.3,2,37.1,37.9,51.3,4.9,328.0,34.9,45372,3.18,84.84,14702.0,9.4,1651.0,56961,56961,56963.0,56945.0,56963,72.25,0.329
99.23,25.76,0.073,420,5728.3,5738.9,127.69,134.925,125.13,48.8,0.03,214,-0.71102,0.159169,2387,2387,9.7,7.3,7.0,7.4,7.7,8,36.3,37.1,53.9,4.38,330.0,33.7,45372,3.18,84.8,2636.0,8.6,1289.0,56953,56953,56955.0,56937.0,56955,72.25,0.328
0.0,0.0,0.064,435,5741.6,5733.6,189.715,201.28,194.925,52.4,0.02,214,-0.715303,0.167128,2388,2388,9.7,7.8,7.1,7.8,7.6,9,36.3,37.1,54.4,4.38,333.0,33.2,45372,3.18,84.82,2637.0,8.7,1289.0,56956,56956,56958.0,56940.0,56958,72.26,0.328
99.18,25.73,0.073,420,5729.0,5739.4,127.795,135.375,125.605,49.1,0.03,214,-0.728153,0.151211,2389,2389,9.7,7.3,7.2,7.6,7.5,10,36.3,37.1,53.5,4.5,322.0,30.9,45372,3.18,84.8,7029.0,9.8,1431.0,56959,56959,56961.0,56943.0,56961,72.25,0.329
0.0,0.0,0.065,425,5752.5,5740.3,184.315,195.055,188.975,54.6,0.02,236,-0.651054,0.159169,5596,5596,6.5,7.7,7.6,8.0,7.9,9,37.1,37.9,50.6,4.76,318.0,32.6,45419,3.6,84.65,7178.0,9.6,1475.0,57228,57228,57230.0,57212.0,57230,72.38,0.343
99.58,25.98,0.071,420,5724.5,5750.7,128.58,135.96,126.35,42.9,0.01,236,-0.655338,0.151211,1624,1624,6.6,8.3,8.0,8.7,8.3,5,37.1,37.9,52.3,4.89,318.0,33.2,45419,3.62,84.65,2806.0,8.4,1328.0,57229,57229,57231.0,57213.0,57231,72.38,0.344
0.0,0.0,0.065,425,5750.4,5740.0,184.615,195.225,189.215,54.6,0.01,236,-0.663904,0.159169,2423,2423,9.5,6.7,6.5,6.7,6.7,1,36.3,37.1,54.5,4.37,325.0,35.3,45419,3.63,84.6,14876.0,9.5,1553.0,57230,57230,57232.0,57214.0,57232,72.38,0.344
98.62,25.75,0.074,420,5732.4,5757.6,128.085,135.515,125.85,52.2,0.02,246,-0.659621,0.151211,1732,1759,6.8,8.7,8.3,8.7,8.6,9,38.7,39.5,51.8,4.94,333.0,34.2,45419,3.46,84.63,7063.0,9.4,1631.0,18937,18938,18938.0,18916.0,18938,69.65,0.361
100.55,14.71,0.08,435,5738.4,5733.6,157.52,166.515,166.12,47.5,0.02,250,-0.535407,0.151211,6116,6116,6.5,7.8,7.7,8.0,7.8,9,37.1,37.9,51.7,4.84,330.0,32.6,45591,3.41,84.72,7439.0,9.4,1631.0,57264,57264,57266.0,57248.0,57266,71.41,0.717
101.75,14.84,0.079,440,5732.0,5729.9,159.58,168.215,168.095,48.0,0.01,314,-0.642488,0.151211,5980,5980,7.0,8.2,8.2,8.5,9.1,7,37.1,37.9,51.6,4.86,343.0,32.3,45505,3.67,84.8,14983.0,9.6,1690.0,18834,18835,18835.0,18813.0,18835,72.72,0.688
90.36,22.25,0.076,435,5728.6,5736.3,110.18,116.33,134.28,74.2,0.02,314,-0.646771,0.175086,1992,1992,6.8,9.3,8.9,9.3,9.2,7,37.1,37.9,53.1,4.82,332.0,33.4,45505,3.67,84.78,7286.0,9.7,1236.0,18835,18836,18836.0,18814.0,18836,72.72,0.688
101.7,14.84,0.08,440,5732.0,5728.9,159.945,168.455,168.18,48.0,0.01,314,-0.646771,0.175086,2806,2806,9.8,8.3,7.6,8.3,7.7,8,35.7,36.5,53.6,4.39,329.0,33.3,45505,3.68,84.72,2912.0,8.6,1280.0,18836,18837,18837.0,18815.0,18837,72.72,0.691
90.39,22.27,0.076,435,5728.8,5735.4,110.205,116.54,134.345,74.2,0.02,314,-0.638205,0.175086,2042,2069,6.9,8.2,7.9,8.2,8.5,1,38.7,39.5,51.9,4.92,329.0,34.2,45505,3.66,84.72,3251.0,8.6,1299.0,18845,18846,18846.0,18824.0,18846,72.72,0.694
101.65,14.84,0.08,440,5732.4,5729.1,159.39,168.345,168.065,48.2,0.01,314,-0.646771,0.175086,5983,5983,7.3,7.8,7.5,7.8,8.2,1,37.1,37.9,50.1,5.04,345.0,33.6,45505,3.67,84.72,14986.0,9.5,1651.0,18846,18847,18847.0,18825.0,18847,72.72,0.693
90.4,22.24,0.076,435,5727.6,5736.0,110.1,116.37,133.945,74.2,0.02,314,-0.646771,0.191003,1995,1995,7.4,8.4,8.2,8.5,8.7,1,37.1,37.9,51.8,4.98,333.0,33.3,45505,3.66,84.72,7289.0,9.7,1265.0,18847,18848,18848.0,18826.0,18848,72.72,0.693
90.22,22.88,0.076,440,5730.1,5737.6,111.93,118.26,136.585,73.2,0.02,242,-0.672471,0.151211,1916,1916,7.2,9.4,9.2,9.7,9.3,8,37.1,37.9,52.8,4.81,343.0,36.0,45505,3.69,84.75,3231.0,8.7,1387.0,57510,57510,57512.0,57494.0,57512,72.91,0.706
100.8,14.82,0.08,435,5737.2,5731.8,158.785,167.485,167.22,44.7,0.0,242,-0.672471,0.151211,2730,2730,10.1,7.9,7.7,8.0,8.1,9,35.7,36.5,54.1,4.39,342.0,33.4,45505,3.7,84.75,14966.0,9.7,1690.0,57511,57511,57513.0,57495.0,57513,72.91,0.705
100.85,14.52,0.08,430,5730.8,5732.1,157.945,166.9,165.665,40.5,0.01,347,-0.432608,0.159169,2064,2064,6.6,8.4,8.0,8.4,8.5,2,37.1,37.9,52.0,4.98,343.0,36.0,45620,4.03,86.56,3115.0,8.6,1231.0,18893,18894,18894.0,18872.0,18894,72.31,0.721
90.15,21.77,0.076,435,5731.4,5738.6,109.325,115.845,133.46,73.9,0.02,347,-0.432608,0.159169,2117,2144,6.8,8.3,8.1,8.3,8.2,7,38.7,39.5,52.3,4.9,329.0,34.8,45620,4.02,86.56,3475.0,8.9,1387.0,18894,18895,18895.0,18873.0,18895,72.31,0.722
90.15,22.51,0.076,435,5731.6,5739.3,110.515,116.53,134.88,74.1,0.02,251,-0.548256,0.167128,1784,1811,6.9,8.4,8.0,8.4,8.3,4,38.7,39.5,51.7,4.84,334.0,33.4,45389,3.29,84.93,3013.0,8.9,1338.0,57721,57721,57723.0,57705.0,57723,69.19,0.338
100.65,14.72,0.079,435,5738.4,5733.2,157.555,166.485,166.15,47.6,0.01,251,-0.646771,0.159169,5728,5728,6.9,7.9,7.6,7.9,7.7,9,37.1,37.9,50.1,4.88,331.0,35.9,45389,3.3,84.94,14689.0,9.2,1446.0,57697,57697,57699.0,57681.0,57699,69.2,0.338
90.15,22.56,0.076,435,5730.7,5737.9,110.435,116.905,134.905,74.3,0.01,251,-0.646771,0.151211,1741,1741,6.4,8.7,8.1,8.7,8.6,5,37.1,37.9,52.4,4.86,334.0,35.7,45389,3.3,84.94,7018.0,9.6,1431.0,57698,57698,57700.0,57682.0,57700,69.2,0.338
100.65,14.72,0.08,435,5738.9,5733.5,157.39,165.785,165.68,47.6,0.01,251,-0.633921,0.151211,2547,2547,9.7,6.7,6.6,6.9,7.3,1,35.7,36.5,54.2,4.35,331.0,32.9,45389,3.3,84.96,2624.0,8.5,1289.0,57699,57699,57701.0,57683.0,57701,69.19,0.338
100.65,14.72,0.079,435,5738.6,5733.0,157.095,166.28,166.27,47.7,0.01,251,-0.595372,0.175086,1745,1745,6.8,9.1,8.4,9.1,8.9,9,37.1,37.9,52.4,4.9,334.0,33.5,45389,3.3,84.94,7022.0,9.7,1578.0,57710,57710,57712.0,57694.0,57712,69.2,0.338
90.16,22.57,0.076,435,5730.5,5737.9,110.695,116.72,134.725,74.3,0.01,251,-0.578239,0.167128,2551,2551,9.9,7.6,7.1,7.6,7.2,5,35.7,36.5,54.4,4.44,329.0,33.6,45389,3.3,84.94,2628.0,8.6,1275.0,57711,57711,57713.0,57695.0,57713,69.2,0.338
100.7,14.72,0.079,435,5738.9,5733.7,157.195,166.03,165.835,47.8,0.0,251,-0.569673,0.167128,1781,1808,6.8,8.4,7.9,8.4,8.3,1,38.7,39.5,51.7,4.98,334.0,35.7,45389,3.3,84.94,3010.0,8.8,1338.0,57712,57712,57714.0,57696.0,57714,69.19,0.338
100.65,14.72,0.08,435,5739.0,5734.0,157.35,166.07,166.065,47.8,0.01,251,-0.548256,0.159169,2554,2554,9.8,7.3,7.0,7.4,7.1,8,35.7,36.5,54.1,4.34,330.0,34.4,45389,3.29,84.96,7023.0,9.8,1382.0,57720,57720,57722.0,57704.0,57722,69.19,0.339
100.75,14.75,0.08,435,5737.9,5732.7,158.215,166.625,166.515,46.3,0.01,246,-0.599655,0.143252,2753,2753,10.0,8.0,7.4,8.0,8.1,5,35.7,36.5,53.4,4.5,341.0,33.2,45505,3.66,84.71,7329.0,9.7,1548.0,57635,57635,57637.0,57619.0,57637,72.91,0.712
90.16,22.59,0.076,435,5730.9,5737.9,110.98,117.245,135.25,74.5,0.01,246,-0.612505,0.159169,1987,2014,7.1,8.7,8.5,8.7,8.9,5,38.7,39.5,51.3,5.03,342.0,35.7,45505,3.66,84.71,2955.0,8.5,1289.0,57636,57636,57638.0,57620.0,57638,72.91,0.711
100.75,14.76,0.08,435,5737.0,5732.3,158.22,166.86,166.395,46.0,0.02,246,-0.629638,0.151211,2747,2747,9.9,7.8,7.7,8.1,8.0,8,35.7,36.5,54.6,4.39,334.0,33.3,45505,3.66,84.76,7323.0,9.8,1529.0,57611,57611,57613.0,57595.0,57613,72.91,0.709
90.29,22.97,0.076,440,5730.1,5737.4,111.99,118.325,136.625,74.5,0.02,246,-0.629638,0.151211,1981,2008,7.3,9.3,8.7,9.3,8.9,8,38.7,39.5,52.2,4.9,338.0,33.4,45505,3.66,84.77,2949.0,8.5,1241.0,57612,57612,57614.0,57596.0,57614,72.91,0.709
100.7,14.78,0.08,435,5737.1,5730.3,158.405,167.42,166.8,46.1,0.0,246,-0.625355,0.159169,5922,5922,6.7,8.7,8.4,8.7,8.7,8,37.1,37.9,50.9,4.86,340.0,33.6,45505,3.67,84.71,3286.0,8.7,1289.0,57613,57613,57615.0,57597.0,57615,72.91,0.71
90.18,22.56,0.076,435,5730.1,5737.7,110.995,116.965,135.2,74.5,0.02,246,-0.608222,0.143252,1985,2012,7.0,8.6,8.3,8.6,9.0,3,38.7,39.5,52.3,4.85,343.0,33.6,45505,3.67,84.71,2953.0,8.3,1280.0,57628,57628,57630.0,57612.0,57630,72.91,0.71
100.75,14.77,0.08,435,5737.7,5732.0,158.04,167.615,166.41,46.1,0.01,246,-0.595372,0.151211,5926,5926,6.7,7.8,7.7,8.0,7.9,3,37.1,37.9,51.2,4.88,343.0,34.0,45505,3.67,84.72,3290.0,8.6,1431.0,57629,57629,57631.0,57613.0,57631,72.92,0.709
90.14,22.54,0.076,435,5729.7,5738.2,110.885,117.7,135.37,74.5,0.02,246,-0.591089,0.143252,1938,1938,6.9,9.1,8.6,9.1,9.0,3,37.1,37.9,51.9,4.98,333.0,30.6,45505,3.66,84.72,15027.0,9.5,1651.0,57630,57630,57632.0,57614.0,57632,72.92,0.709
100.7,14.77,0.08,435,5737.5,5732.6,157.89,166.63,166.19,46.2,0.0,246,-0.591089,0.151211,2752,2752,10.0,7.5,7.2,7.5,7.7,4,35.7,36.5,54.3,4.33,340.0,35.0,45505,3.68,84.72,7328.0,9.8,1602.0,57631,57631,57633.0,57615.0,57633,72.91,0.71
90.14,22.54,0.076,435,5730.4,5738.0,110.76,117.22,134.99,74.5,0.01,246,-0.603939,0.143252,1986,2013,7.1,8.8,8.5,8.9,9.0,4,38.7,39.5,52.2,4.86,340.0,35.0,45505,3.67,84.72,2954.0,8.4,1231.0,57632,57632,57634.0,57616.0,57634,72.92,0.71
0.0,0.0,0.076,430,5733.8,5738.1,115.63,122.475,127.045,15.0,0.02,298,-0.496857,0.167128,2685,2685,9.6,7.6,7.0,7.6,7.6,7,35.7,36.5,54.3,4.42,326.0,31.3,45505,3.51,84.69,7211.0,9.8,1333.0,57825,57825,57827.0,57809.0,57827,73.7,0.705
0.0,0.0,0.076,430,5732.5,5736.4,116.02,122.16,126.625,16.1,0.0,300,0.52684,0.151211,2679,2679,9.5,6.4,6.1,6.7,6.5,1,35.7,36.5,54.6,4.39,319.0,33.6,45505,3.49,84.77,2832.0,8.7,1231.0,57801,57801,57803.0,57785.0,57803,74.13,0.688
0.0,0.0,0.076,430,5732.8,5737.0,115.835,122.535,126.765,15.9,0.01,300,-0.52684,0.159169,1913,1940,7.1,7.7,7.4,7.7,7.9,1,38.7,39.5,51.2,5.08,321.0,33.1,45505,3.49,84.76,3169.0,8.9,1382.0,57802,57802,57804.0,57786.0,57804,73.7,0.69
0.0,0.0,0.076,430,5732.8,5737.3,115.61,122.26,126.685,15.3,0.02,299,0.488291,0.143252,5857,5857,6.6,7.8,7.2,7.8,7.5,3,37.1,37.9,48.9,5.11,329.0,33.4,45505,3.51,84.71,14905.0,9.6,1592.0,57811,57811,57813.0,57795.0,57813,73.71,0.701
0.0,0.0,0.076,430,5733.3,5737.1,115.685,122.075,126.78,15.3,0.02,299,0.492574,0.159169,2682,2682,9.4,7.0,6.8,7.0,7.0,4,35.7,36.5,54.6,4.32,332.0,33.5,45505,3.51,84.71,7208.0,9.9,1236.0,57813,57813,57815.0,57797.0,57815,73.71,0.703
0.0,0.0,0.076,430,5733.9,5738.0,115.595,122.525,126.83,15.0,0.03,298,-0.501141,0.159169,1873,1873,6.5,9.1,8.5,9.1,8.3,6,37.1,37.9,53.1,4.79,331.0,35.9,45505,3.51,84.69,14908.0,9.6,1641.0,57824,57824,57826.0,57808.0,57826,73.71,0.705
100.7,14.75,0.08,435,5738.1,5732.9,157.85,166.615,166.18,46.8,0.0,247,-0.68532,0.159169,2592,2592,9.6,7.3,7.2,7.3,7.0,7,35.7,36.5,53.4,4.51,330.0,33.0,45485,3.7,84.6,3194.0,8.7,1289.0,57314,57314,57316.0,57298.0,57316,73.4,0.691
90.16,22.56,0.076,435,5731.8,5736.9,110.63,116.94,135.33,74.6,0.02,247,-0.68532,0.151211,1826,1853,7.0,8.6,8.2,8.6,8.4,7,38.7,39.5,51.4,4.9,339.0,33.3,45485,3.7,84.6,14928.0,9.6,1700.0,57315,57315,57317.0,57299.0,57317,73.4,0.691
100.75,14.76,0.08,435,5737.4,5732.6,157.765,166.32,166.56,46.3,0.01,247,-0.672471,0.167128,2586,2586,9.4,6.9,6.3,6.9,6.7,1,35.7,36.5,54.3,4.42,330.0,34.7,45481,3.83,84.65,3188.0,8.8,1338.0,57290,57290,57292.0,57274.0,57292,73.77,0.696
90.13,22.55,0.076,435,5731.1,5737.9,110.945,117.11,135.065,74.5,0.02,247,-0.672471,0.151211,1820,1847,6.8,7.9,7.5,7.9,7.6,1,38.7,39.5,51.1,5.05,339.0,31.2,45481,3.82,84.65,14922.0,9.6,1602.0,57291,57291,57293.0,57275.0,57293,73.77,0.697
100.7,14.77,0.08,435,5737.9,5732.7,158.18,167.37,166.315,46.4,0.01,247,-0.672471,0.167128,5766,5766,6.3,7.5,6.9,7.5,7.5,1,37.1,37.9,50.4,5.04,322.0,31.6,45481,3.77,84.65,7225.0,9.8,1284.0,57292,57292,57294.0,57276.0,57294,73.4,0.692
90.13,22.59,0.076,435,5731.1,5737.6,110.78,116.755,122.865,74.5,0.03,247,-0.676754,0.151211,1823,1850,6.8,8.2,7.8,8.2,8.3,4,38.7,39.5,51.2,5.0,340.0,33.9,45485,3.71,84.6,14925.0,9.2,1744.0,57303,57303,57305.0,57287.0,57305,73.4,0.692
100.7,14.76,0.08,435,5737.6,5733.1,157.53,166.875,166.595,46.6,0.0,247,-0.672471,0.151211,5769,5769,6.6,7.9,7.5,7.9,7.7,4,37.1,37.9,51.4,4.91,328.0,35.3,45485,3.71,84.6,7228.0,9.5,1284.0,57304,57304,57306.0,57288.0,57306,73.41,0.692
90.12,22.56,0.076,435,5730.4,5738.4,110.765,117.05,134.875,74.5,0.02,247,-0.668187,0.151211,1782,1782,6.5,8.5,8.3,8.5,8.7,4,37.1,37.9,52.3,4.92,340.0,35.8,45485,3.71,84.6,2855.0,8.4,1231.0,57305,57305,57307.0,57289.0,57307,73.4,0.692
