210X24,210X206,210X207,210X217,220X67,310X56
20170600000000.0,1118549170.0,2751530587.0,12490011739.0,2017060000000000.0,2017060000000000.0
20170600000000.0,1119016695.0,2751998056.0,12490479208.0,2017060000000000.0,2017060000000000.0
20170600000000.0,1119260236.0,2752241660.0,12490722758.0,2017060000000000.0,2017060000000000.0
20170600000000.0,1119727635.0,2752709054.0,12491190206.0,2017060000000000.0,2017060000000000.0
20170600000000.0,9226897081.0,9226908963.0,9226908963.0,2017060000000000.0,2017060000000000.0
20170600000000.0,273269632.0,283700808.0,8993107208.0,2017060000000000.0,2017060000000000.0
20170600000000.0,9380260296.0,9380272113.0,9380272113.0,2017060000000000.0,2017060000000000.0
20170600000000.0,1141875668.0,2774857042.0,12513338194.0,2017060000000000.0,2017060000000000.0
20170600000000.0,431206329.0,441637421.0,9151043875.0,2017060000000000.0,2017060000000000.0
20170600000000.0,1142122803.0,2775104241.0,12513585393.0,2017060000000000.0,2017060000000000.0
20170600000000.0,9380610748.0,9380622569.0,9380622623.0,2017060000000000.0,2017060000000000.0
20170600000000.0,1142369803.0,2775351187.0,12513832339.0,2017060000000000.0,2017060000000000.0
20170600000000.0,9381395308.0,9381407146.0,9381407146.0,2017060000000000.0,2017060000000000.0
20170600000000.0,1143079808.0,2776061257.0,12514542409.0,2017060000000000.0,2017060000000000.0
20170600000000.0,167575058.0,178006226.0,8887412680.0,2017060000000000.0,2017060000000000.0
20170600000000.0,8241262606.0,8256978920.0,8256978974.0,2017060000000000.0,2017060000000000.0
20170600000000.0,164336937.0,174768074.0,8884174528.0,2017060000000000.0,2017060000000000.0
20170600000000.0,8238018090.0,8253734435.0,8253734435.0,2017060000000000.0,2017060000000000.0
20170600000000.0,164557452.0,174988603.0,8884395057.0,2017060000000000.0,2017060000000000.0
20170600000000.0,8239817808.0,8255534114.0,8255534114.0,2017060000000000.0,2017060000000000.0
20170600000000.0,166361638.0,176792779.0,8886199260.0,2017060000000000.0,2017060000000000.0
20170600000000.0,8240062487.0,8255778837.0,8255778837.0,2017060000000000.0,2017060000000000.0
20170600000000.0,8241044869.0,8256761169.0,8256761169.0,2017060000000000.0,2017060000000000.0
20170600000000.0,1123688298.0,2756669701.0,12495150853.0,2017060000000000.0,2017060000000000.0
20170600000000.0,1120817129.0,2753798557.0,12492279709.0,2017060000000000.0,2017060000000000.0
20170600000000.0,1121308040.0,2754289451.0,12492770630.0,2017060000000000.0,2017060000000000.0
20170600000000.0,1121771793.0,2754753169.0,12493234321.0,2017060000000000.0,2017060000000000.0
20170600000000.0,1122266252.0,2755247619.0,12493728771.0,2017060000000000.0,2017060000000000.0
20170600000000.0,1122950011.0,2755931383.0,12494412535.0,2017060000000000.0,2017060000000000.0
20170600000000.0,1123441140.0,2756422536.0,12494903634.0,2017060000000000.0,2017060000000000.0
20170600000000.0,8262978244.0,8278694576.0,8278694576.0,2017060000000000.0,2017060000000000.0
20170600000000.0,189527892.0,199959000.0,8909365454.0,2017060000000000.0,2017060000000000.0
20170600000000.0,8263224811.0,8278941125.0,8278941125.0,2017060000000000.0,2017060000000000.0
20170600000000.0,430635994.0,441067177.0,9150473631.0,2017060000000000.0,2017060000000000.0
20170600000000.0,1140376323.0,2773357738.0,12511838890.0,2017060000000000.0,2017060000000000.0
20170600000000.0,428370522.0,438801614.0,9148208068.0,2017060000000000.0,2017060000000000.0
20170600000000.0,1137531309.0,2770512724.0,12508993876.0,2017060000000000.0,2017060000000000.0
20170600000000.0,9377779414.0,9377791203.0,9377791257.0,2017060000000000.0,2017060000000000.0
20170600000000.0,1137778698.0,2770760095.0,12509241247.0,2017060000000000.0,2017060000000000.0
20170600000000.0,9377999791.0,9378011611.0,9378011665.0,2017060000000000.0,2017060000000000.0
20170600000000.0,1137998465.0,2770979875.0,12509461027.0,2017060000000000.0,2017060000000000.0
20170600000000.0,428941032.0,439372192.0,9148778646.0,2017060000000000.0,2017060000000000.0
20170600000000.0,1138242326.0,2771223720.0,12509704899.0,2017060000000000.0,2017060000000000.0
20170600000000.0,9378347061.0,9378358863.0,9378358917.0,2017060000000000.0,2017060000000000.0
20170600000000.0,1138489908.0,2771471312.0,12509952491.0,2017060000000000.0,2017060000000000.0
20170600000000.0,9378981327.0,9378993185.0,9378993239.0,2017060000000000.0,2017060000000000.0
20170600000000.0,1138706754.0,2771688171.0,12510169323.0,2017060000000000.0,2017060000000000.0
20170600000000.0,429507722.0,439938820.0,9149345274.0,2017060000000000.0,2017060000000000.0
20170600000000.0,1138954302.0,2771935712.0,12510416864.0,2017060000000000.0,2017060000000000.0
20170600000000.0,429773103.0,440204263.0,9149610663.0,2017060000000000.0,2017060000000000.0
20170600000000.0,1139198247.0,2772179665.0,12510660817.0,2017060000000000.0,2017060000000000.0
20170600000000.0,9379198269.0,9379210078.0,9379210132.0,2017060000000000.0,2017060000000000.0
20170600000000.0,1139418481.0,2772399889.0,12510881041.0,2017060000000000.0,2017060000000000.0
20170600000000.0,430076242.0,440507338.0,9149913792.0,2017060000000000.0,2017060000000000.0
20170600000000.0,1139666043.0,2772647463.0,12511128561.0,2017060000000000.0,2017060000000000.0
20170600000000.0,9379476673.0,9379488485.0,9379488539.0,2017060000000000.0,2017060000000000.0
20170600000000.0,1139909504.0,2772890912.0,12511372091.0,2017060000000000.0,2017060000000000.0
20170600000000.0,9379696744.0,9379708559.0,9379708613.0,2017060000000000.0,2017060000000000.0
20170600000000.0,1140129297.0,2773110657.0,12511591809.0,2017060000000000.0,2017060000000000.0
20170600000000.0,325233731.0,335664918.0,9045071318.0,2017060000000000.0,2017060000000000.0
20170600000000.0,9274763641.0,9274775410.0,9274775491.0,2017060000000000.0,2017060000000000.0
20170600000000.0,8390367088.0,8406083629.0,8406083710.0,2017060000000000.0,2017060000000000.0
20170600000000.0,325498967.0,335930192.0,9045336592.0,2017060000000000.0,2017060000000000.0
20170600000000.0,1132737505.0,2765718861.0,12504200013.0,2017060000000000.0,2017060000000000.0
20170600000000.0,206770984.0,217202150.0,8926608631.0,2017060000000000.0,2017060000000000.0
20170600000000.0,207018419.0,217449594.0,8926856048.0,2017060000000000.0,2017060000000000.0
20170600000000.0,207238926.0,217670109.0,8927076563.0,2017060000000000.0,2017060000000000.0
20170600000000.0,1130602725.0,2763584053.0,12502065205.0,2017060000000000.0,2017060000000000.0
20170600000000.0,1130849918.0,2763831317.0,12502312469.0,2017060000000000.0,2017060000000000.0
20170600000000.0,1131097441.0,2764078857.0,12502560009.0,2017060000000000.0,2017060000000000.0
20170600000000.0,1132517548.0,2765498945.0,12503980097.0,2017060000000000.0,2017060000000000.0
20170600000000.0,273534104.0,283965205.0,8993371659.0,2017060000000000.0,2017060000000000.0
20170600000000.0,9227117499.0,9227129310.0,9227129364.0,2017060000000000.0,2017060000000000.0
20170600000000.0,8329478299.0,8345194916.0,8345194970.0,2017060000000000.0,2017060000000000.0
20170600000000.0,254843931.0,265275045.0,8974681499.0,2017060000000000.0,2017060000000000.0
20170600000000.0,9208472739.0,9208484558.0,9208484639.0,2017060000000000.0,2017060000000000.0
20170600000000.0,260309174.0,1085735807.0,1085735888.0,2017060000000000.0,2017060000000000.0
20170600000000.0,260563644.0,1085990347.0,1085990401.0,2017060000000000.0,2017060000000000.0
20170600000000.0,260814937.0,1086241553.0,1086241634.0,2017060000000000.0,2017060000000000.0
20170600000000.0,261069544.0,1086496163.0,1086496244.0,2017060000000000.0,2017060000000000.0
20170600000000.0,262464675.0,1087891370.0,1087891424.0,2017060000000000.0,2017060000000000.0
20170600000000.0,262719297.0,1088145984.0,1088146038.0,2017060000000000.0,2017060000000000.0
20170600000000.0,9206661362.0,9206673190.0,9206673271.0,2017060000000000.0,2017060000000000.0
20170600000000.0,253252103.0,263683222.0,8973089676.0,2017060000000000.0,2017060000000000.0
20170600000000.0,9206878084.0,9206889995.0,9206889995.0,2017060000000000.0,2017060000000000.0
20170600000000.0,254048003.0,264479113.0,8973885567.0,2017060000000000.0,2017060000000000.0
20170600000000.0,9208208184.0,9208219936.0,9208220017.0,2017060000000000.0,2017060000000000.0
20170600000000.0,8344665177.0,8360381804.0,8360381858.0,2017060000000000.0,2017060000000000.0
20170600000000.0,9382536494.0,9382548339.0,9382548393.0,2017060000000000.0,2017060000000000.0
20170600000000.0,1134414354.0,2767395776.0,12505876928.0,2017060000000000.0,2017060000000000.0
20170600000000.0,1134658630.0,2767640065.0,12506121217.0,2017060000000000.0,2017060000000000.0
20170600000000.0,9382886932.0,9382898687.0,9382898768.0,2017060000000000.0,2017060000000000.0
20170600000000.0,1134906002.0,2767887428.0,12506368580.0,2017060000000000.0,2017060000000000.0
20170600000000.0,9383107205.0,9383119002.0,9383119056.0,2017060000000000.0,2017060000000000.0
20170600000000.0,1135153395.0,2768134776.0,12506615928.0,2017060000000000.0,2017060000000000.0
20170600000000.0,9384594345.0,9384606200.0,9384606254.0,2017060000000000.0,2017060000000000.0
20170600000000.0,1137064154.0,2770045598.0,12508526777.0,2017060000000000.0,2017060000000000.0
20170600000000.0,9203113470.0,9203125279.0,9203125333.0,2017060000000000.0,2017060000000000.0
20170600000000.0,9203357676.0,9203369548.0,9203369548.0,2017060000000000.0,2017060000000000.0
20170600000000.0,264263555.0,1089690237.0,1089690291.0,2017060000000000.0,2017060000000000.0
20170600000000.0,264518133.0,1089944814.0,1089944868.0,2017060000000000.0,2017060000000000.0
20170600000000.0,264772850.0,1090199488.0,1090199542.0,2017060000000000.0,2017060000000000.0
20170600000000.0,9200264856.0,9200276733.0,9200276733.0,2017060000000000.0,2017060000000000.0
20170600000000.0,9382316373.0,9382328202.0,9382328256.0,2017060000000000.0,2017060000000000.0
20170600000000.0,1144420532.0,2777401941.0,12515883093.0,2017060000000000.0,2017060000000000.0
20170600000000.0,9201063198.0,9201074988.0,9201075042.0,2017060000000000.0,2017060000000000.0
20170600000000.0,9359091306.0,9359103061.0,9359103115.0,2017060000000000.0,2017060000000000.0
20170600000000.0,409933907.0,420365062.0,9129771516.0,2017060000000000.0,2017060000000000.0
20170600000000.0,9359356216.0,9359367982.0,9359368036.0,2017060000000000.0,2017060000000000.0
20170600000000.0,227453085.0,237884232.0,8947290686.0,2017060000000000.0,2017060000000000.0
20170600000000.0,221874611.0,232305723.0,8941712177.0,2017060000000000.0,2017060000000000.0
20170600000000.0,224780927.0,235212048.0,8944618448.0,2017060000000000.0,2017060000000000.0
20170600000000.0,8494981524.0,8510698165.0,8510698219.0,2017060000000000.0,2017060000000000.0
20170600000000.0,9397951670.0,9397963515.0,9397963569.0,2017060000000000.0,2017060000000000.0
20170600000000.0,444844831.0,455276003.0,9164682457.0,2017060000000000.0,2017060000000000.0
20170600000000.0,8496586910.0,8512303563.0,8512303617.0,2017060000000000.0,2017060000000000.0
20170600000000.0,8497374182.0,8513090786.0,8513090867.0,2017060000000000.0,2017060000000000.0
20170600000000.0,8413346969.0,8429063556.0,8429063610.0,2017060000000000.0,2017060000000000.0
20166600000000.0,359961078.0,370392207.0,9079798607.0,2017060000000000.0,2017060000000000.0
20170600000000.0,9309503624.0,9309515419.0,9309515473.0,2017060000000000.0,2017060000000000.0
20170600000000.0,357654806.0,368085940.0,9077492394.0,2017060000000000.0,2017060000000000.0
20170600000000.0,9307179400.0,9307191230.0,9307191284.0,2017060000000000.0,2017060000000000.0
20170600000000.0,8411272981.0,8426989590.0,8426989644.0,2017060000000000.0,2017060000000000.0
20170600000000.0,8420117592.0,8435834184.0,8435834238.0,2017060000000000.0,2017060000000000.0
20170600000000.0,366713254.0,377144439.0,9086550893.0,2017060000000000.0,2017060000000000.0
20170600000000.0,9316254510.0,9316266345.0,9316266399.0,2017060000000000.0,2017060000000000.0
20170600000000.0,9484109719.0,9484121534.0,9484121588.0,2017060000000000.0,2017060000000000.0
20170600000000.0,8586724901.0,8602441531.0,8602441585.0,2017060000000000.0,2017060000000000.0
20170600000000.0,535370088.0,545801218.0,9255207672.0,2017060000000000.0,2017060000000000.0
20170600000000.0,8436805657.0,8452522222.0,8452522303.0,2017060000000000.0,2017060000000000.0
20170600000000.0,383499299.0,393930467.0,9103336867.0,2017060000000000.0,2017060000000000.0
20170600000000.0,8437070299.0,8452786874.0,8452786928.0,2017060000000000.0,2017060000000000.0
20170600000000.0,563848211.0,574279394.0,9283685848.0,2017060000000000.0,2017060000000000.0
20170600000000.0,9330052100.0,9330063936.0,9330063990.0,2017060000000000.0,2017060000000000.0
20170600000000.0,8434150759.0,8449867424.0,8449867424.0,2017060000000000.0,2017060000000000.0
20166600000000.0,8500976830.0,8516693444.0,8516693498.0,2017060000000000.0,2017060000000000.0
20170600000000.0,449990886.0,460422004.0,9169828458.0,2017060000000000.0,2017060000000000.0
20170600000000.0,8498163150.0,8513879759.0,8513879813.0,2017060000000000.0,2017060000000000.0
20170600000000.0,447226712.0,457657866.0,9167064320.0,2017060000000000.0,2017060000000000.0
20170600000000.0,8499744248.0,8515460833.0,8515460914.0,2017060000000000.0,2017060000000000.0
20170600000000.0,448816134.0,459247297.0,9168653751.0,2017060000000000.0,2017060000000000.0
20170600000000.0,8503655962.0,8519372594.0,8519372594.0,2017060000000000.0,2017060000000000.0
20170600000000.0,452736531.0,463167661.0,9172574115.0,2017060000000000.0,2017060000000000.0
20170600000000.0,8503920690.0,8519637309.0,8519637309.0,2017060000000000.0,2017060000000000.0
20170600000000.0,9322818606.0,9322830401.0,9322830455.0,2017060000000000.0,2017060000000000.0
20170600000000.0,9323991826.0,9324003625.0,9324003679.0,2017060000000000.0,2017060000000000.0
20170600000000.0,8508693223.0,8524409806.0,8524409860.0,2017060000000000.0,2017060000000000.0
20170600000000.0,9409847981.0,9409859827.0,9409859881.0,2017060000000000.0,2017060000000000.0
20170600000000.0,9410932236.0,9410944102.0,9410944156.0,2017060000000000.0,2017060000000000.0
20166600000000.0,8512837461.0,8528554078.0,8528554159.0,2017060000000000.0,2017060000000000.0
20166600000000.0,8515192436.0,8530909021.0,8530909102.0,2017060000000000.0,2017060000000000.0
20170600000000.0,8530116137.0,8545832728.0,8545832782.0,2017060000000000.0,2017060000000000.0
20170603379224.03,0.0,0.0,0.0,2017060000000000.0,2017060000000000.0
20170600000000.0,464328753.0,474759904.0,9184166358.0,2017060000000000.0,2017060000000000.0
20170600000000.0,9390247883.0,9390259711.0,9390259765.0,2017060000000000.0,2017060000000000.0
20170600000000.0,441124234.0,451555379.0,9160961833.0,2017060000000000.0,2017060000000000.0
20170600000000.0,438800166.0,449231319.0,9158637773.0,2017060000000000.0,2017060000000000.0
20170600000000.0,8491976482.0,8507693102.0,8507693156.0,2017060000000000.0,2017060000000000.0
20170600000000.0,8456294455.0,8472011044.0,8472011125.0,2017060000000000.0,2017060000000000.0
20170600000000.0,8456555731.0,8472272340.0,8472272394.0,2017060000000000.0,2017060000000000.0
20170600000000.0,9447691074.0,9447702866.0,9447702920.0,2017060000000000.0,2017060000000000.0
20170600000000.0,9442089101.0,9442100921.0,9442101002.0,2017060000000000.0,2017060000000000.0
20170600000000.0,9442337376.0,9442349213.0,9442349267.0,2017060000000000.0,2017060000000000.0
20170600000000.0,9442554515.0,9442566336.0,9442566417.0,2017060000000000.0,2017060000000000.0
20170600000000.0,9447036281.0,9447048118.0,9447048118.0,2017060000000000.0,2017060000000000.0
20170600000000.0,9447253416.0,9447265209.0,9447265290.0,2017060000000000.0,2017060000000000.0
20170600000000.0,9352849569.0,9352861401.0,9352861482.0,2017060000000000.0,2017060000000000.0
20170600000000.0,9356375772.0,9356387589.0,9356387589.0,2017060000000000.0,2017060000000000.0
20170600000000.0,9358086029.0,9358097836.0,9358097917.0,2017060000000000.0,2017060000000000.0
20170600000000.0,9457159638.0,9457171422.0,9457171476.0,2017060000000000.0,2017060000000000.0
20170600000000.0,508346254.0,518777417.0,9228183817.0,2017060000000000.0,2017060000000000.0
20170600000000.0,8559880906.0,8575597504.0,8575597558.0,2017060000000000.0,2017060000000000.0
20170600000000.0,9457380222.0,9457392007.0,9457392061.0,2017060000000000.0,2017060000000000.0
20170600000000.0,8560451628.0,8576168279.0,8576168279.0,2017060000000000.0,2017060000000000.0
20170600000000.0,8560984997.0,8576701596.0,8576701650.0,2017060000000000.0,2017060000000000.0
20170600000000.0,8561511850.0,8577228459.0,8577228513.0,2017060000000000.0,2017060000000000.0
20170600000000.0,513283680.0,523714808.0,9233121262.0,2017060000000000.0,2017060000000000.0
20170600000000.0,9459460927.0,9459472791.0,9459472791.0,2017060000000000.0,2017060000000000.0
20170600000000.0,510728246.0,521159415.0,9230565815.0,2017060000000000.0,2017060000000000.0
20166600000000.0,8562544687.0,8578261267.0,8578261321.0,2017060000000000.0,2017060000000000.0
20170600000000.0,511425370.0,521856463.0,9231262917.0,2017060000000000.0,2017060000000000.0
20170600000000.0,511700614.0,522131796.0,9231538250.0,2017060000000000.0,2017060000000000.0
20170600000000.0,511955289.0,522386403.0,9231792857.0,2017060000000000.0,2017060000000000.0
20170600000000.0,512224002.0,522655133.0,9232061587.0,2017060000000000.0,2017060000000000.0
20170600000000.0,512753457.0,523184560.0,9232591014.0,2017060000000000.0,2017060000000000.0
20170600000000.0,503527028.0,513958173.0,9223364627.0,2017060000000000.0,2017060000000000.0
20170600000000.0,8555155290.0,8570871948.0,8570871948.0,2017060000000000.0,2017060000000000.0
20170600000000.0,504056444.0,514487634.0,9223894034.0,2017060000000000.0,2017060000000000.0
20170600000000.0,9453518508.0,9453530264.0,9453530345.0,2017060000000000.0,2017060000000000.0
20170600000000.0,8567233399.0,8582950003.0,8582950057.0,2017060000000000.0,2017060000000000.0
20170600000000.0,8565971197.0,8581687821.0,8581687875.0,2017060000000000.0,2017060000000000.0
20170600000000.0,8566487651.0,8582204269.0,8582204323.0,2017060000000000.0,2017060000000000.0
20170600000000.0,8566706792.0,8582423402.0,8582423456.0,2017060000000000.0,2017060000000000.0
20170600000000.0,515597600.0,526028720.0,9235435174.0,2017060000000000.0,2017060000000000.0
20170600000000.0,9448108482.0,9448120333.0,9448120414.0,2017060000000000.0,2017060000000000.0
20170600000000.0,9449039556.0,9449051364.0,9449051418.0,2017060000000000.0,2017060000000000.0
20170600000000.0,9450842302.0,9450854100.0,9450854154.0,2017060000000000.0,2017060000000000.0
20170600000000.0,8554365021.0,8570081678.0,8570081678.0,2017060000000000.0,2017060000000000.0
20170600000000.0,8618119974.0,8633836590.0,8633836671.0,2017060000000000.0,2017060000000000.0
20170600000000.0,566807953.0,577239084.0,9286645538.0,2017060000000000.0,2017060000000000.0
20170600000000.0,8618382279.0,8634098903.0,8634098957.0,2017060000000000.0,2017060000000000.0
20170600000000.0,605702421.0,616133563.0,9325540017.0,2017060000000000.0,2017060000000000.0
20170600000000.0,9552369564.0,9552381400.0,9552381400.0,2017060000000000.0,2017060000000000.0
20170600000000.0,9550189411.0,9550201232.0,9550201286.0,2017060000000000.0,2017060000000000.0
20170600000000.0,8655067272.0,8670783889.0,8670783943.0,2017060000000000.0,2017060000000000.0
20170600000000.0,603757954.0,614189117.0,9323595571.0,2017060000000000.0,2017060000000000.0
20170600000000.0,9550705859.0,9550717687.0,9550717741.0,2017060000000000.0,2017060000000000.0
20170600000000.0,604659382.0,615090542.0,9324496996.0,2017060000000000.0,2017060000000000.0
20170600000000.0,8656181264.0,8671897813.0,8671897894.0,2017060000000000.0,2017060000000000.0
20170600000000.0,8574296798.0,8590013408.0,8590013462.0,2017060000000000.0,2017060000000000.0
20170600000000.0,525059148.0,535490237.0,9244896691.0,2017060000000000.0,2017060000000000.0
20170600000000.0,9474062769.0,9474074653.0,9474074653.0,2017060000000000.0,2017060000000000.0
20170600000000.0,8576666622.0,8592383257.0,8592383257.0,2017060000000000.0,2017060000000000.0
20170600000000.0,532027273.0,542458390.0,9251864844.0,2017060000000000.0,2017060000000000.0
20170600000000.0,529617351.0,540048525.0,9249455006.0,2017060000000000.0,2017060000000000.0
20170600000000.0,9478899996.0,9478911779.0,9478911833.0,2017060000000000.0,2017060000000000.0
20170600000000.0,530412841.0,540843998.0,9250250452.0,2017060000000000.0,2017060000000000.0
20170600000000.0,9479698799.0,9479710652.0,9479710706.0,2017060000000000.0,2017060000000000.0
20170600000000.0,9480184414.0,9480196193.0,9480196247.0,2017060000000000.0,2017060000000000.0
20170600000000.0,8530804429.0,8546521088.0,8546521142.0,2017060000000000.0,2017060000000000.0
20170600000000.0,9733258167.0,9733270031.0,9733270085.0,2017060000000000.0,2017060000000000.0
20170600000000.0,8832474073.0,8848190681.0,8848190735.0,2017060000000000.0,2017060000000000.0
20170600000000.0,9478369698.0,9478381539.0,9478381593.0,2017060000000000.0,2017060000000000.0
20170600000000.0,8580980949.0,8596697511.0,8596697565.0,2017060000000000.0,2017060000000000.0
20170600000000.0,9476295233.0,9476306987.0,9476307068.0,2017060000000000.0,2017060000000000.0
20170600000000.0,8578871563.0,8594588190.0,8594588244.0,2017060000000000.0,2017060000000000.0
20170600000000.0,527507048.0,537938210.0,9247344610.0,2017060000000000.0,2017060000000000.0
20170600000000.0,529355711.0,539786872.0,9249193353.0,2017060000000000.0,2017060000000000.0
20170600000000.0,8749033044.0,8764749631.0,8764749631.0,2017060000000000.0,2017060000000000.0
20170600000000.0,9644830955.0,9644842722.0,9644842776.0,2017060000000000.0,2017060000000000.0
20170600000000.0,9645893006.0,9645904846.0,9645904900.0,2017060000000000.0,2017060000000000.0
20170600000000.0,492704431.0,503135582.0,9212542036.0,2017060000000000.0,2017060000000000.0
20170600000000.0,9433267747.0,9433279585.0,9433279666.0,2017060000000000.0,2017060000000000.0
20170600000000.0,8543886814.0,8559603436.0,8559603490.0,2017060000000000.0,2017060000000000.0
20170600000000.0,586319768.0,596750885.0,9306157339.0,2017060000000000.0,2017060000000000.0
20170600000000.0,9526691942.0,9526703781.0,9526703835.0,2017060000000000.0,2017060000000000.0
20170600000000.0,8569320877.0,8585037473.0,8585037527.0,2017060000000000.0,2017060000000000.0
20170600000000.0,517998406.0,528429549.0,9237835949.0,2017060000000000.0,2017060000000000.0
20170600000000.0,8569567047.0,8585283698.0,8585283698.0,2017060000000000.0,2017060000000000.0
20170600000000.0,8845362143.0,8861078760.0,8861078841.0,2017060000000000.0,2017060000000000.0
20170600000000.0,794484824.0,804915982.0,9514322463.0,2017060000000000.0,2017060000000000.0
20170600000000.0,9742735576.0,9742747400.0,9742747481.0,2017060000000000.0,2017060000000000.0
20170600000000.0,9589877381.0,9589889163.0,9589889217.0,2017060000000000.0,2017060000000000.0
20170600000000.0,9590094458.0,9590106256.0,9590106337.0,2017060000000000.0,2017060000000000.0
20170600000000.0,9584467180.0,9584479010.0,9584479091.0,2017060000000000.0,2017060000000000.0
20170600000000.0,9584714790.0,9584726618.0,9584726672.0,2017060000000000.0,2017060000000000.0
20170600000000.0,9584959287.0,9584971118.0,9584971118.0,2017060000000000.0,2017060000000000.0
20170600000000.0,9587198025.0,9587209805.0,9587209859.0,2017060000000000.0,2017060000000000.0
20170600000000.0,9587418073.0,9587429914.0,9587429968.0,2017060000000000.0,2017060000000000.0
20170600000000.0,9611155927.0,9611167754.0,9611167835.0,2017060000000000.0,2017060000000000.0
20170600000000.0,9611400211.0,9611412063.0,9611412063.0,2017060000000000.0,2017060000000000.0
20170600000000.0,9611648098.0,9611659937.0,9611659991.0,2017060000000000.0,2017060000000000.0
20170600000000.0,9613406539.0,9613418318.0,9613418372.0,2017060000000000.0,2017060000000000.0
20170600000000.0,8730303911.0,8746020542.0,8746020542.0,2017060000000000.0,2017060000000000.0
20170600000000.0,8733978176.0,8749694854.0,8749694908.0,2017060000000000.0,2017060000000000.0
20170600000000.0,8749560601.0,8765277199.0,8765277253.0,2017060000000000.0,2017060000000000.0
20170600000000.0,9648807472.0,9648819343.0,9648819397.0,2017060000000000.0,2017060000000000.0
20170600000000.0,554979938.0,565411083.0,9274817537.0,2017060000000000.0,2017060000000000.0
20170600000000.0,9503977028.0,9503988889.0,9503988943.0,2017060000000000.0,2017060000000000.0
20170600000000.0,8606586603.0,8622303197.0,8622303251.0,2017060000000000.0,2017060000000000.0
20170600000000.0,9637513206.0,9637525060.0,9637525114.0,2017060000000000.0,2017060000000000.0
20170600000000.0,9637757455.0,9637769315.0,9637769369.0,2017060000000000.0,2017060000000000.0
20170600000000.0,9638252823.0,9638264701.0,9638264701.0,2017060000000000.0,2017060000000000.0
20170600000000.0,9639945197.0,9639957071.0,9639957125.0,2017060000000000.0,2017060000000000.0
20170600000000.0,9640901899.0,9640913702.0,9640913756.0,2017060000000000.0,2017060000000000.0
20170600000000.0,9641190298.0,9641202102.0,9641202156.0,2017060000000000.0,2017060000000000.0
20170600000000.0,8766054243.0,8781770818.0,8781770899.0,2017060000000000.0,2017060000000000.0
20170600000000.0,718129873.0,728561084.0,9437967538.0,2017060000000000.0,2017060000000000.0
20170600000000.0,715937144.0,726368255.0,9435774736.0,2017060000000000.0,2017060000000000.0
20170600000000.0,8764121064.0,8779837660.0,8779837714.0,2017060000000000.0,2017060000000000.0
20170600000000.0,9495672132.0,9495683941.0,9495683995.0,2017060000000000.0,2017060000000000.0
20170600000000.0,8598287176.0,8614003796.0,8614003850.0,2017060000000000.0,2017060000000000.0
20170600000000.0,546931382.0,557362482.0,9266768936.0,2017060000000000.0,2017060000000000.0
20170600000000.0,9496181598.0,9496193453.0,9496193453.0,2017060000000000.0,2017060000000000.0
20170600000000.0,9500764819.0,9500776626.0,9500776707.0,2017060000000000.0,2017060000000000.0
20170600000000.0,8603393921.0,8619110535.0,8619110535.0,2017060000000000.0,2017060000000000.0
20170600000000.0,9498646510.0,9498658325.0,9498658406.0,2017060000000000.0,2017060000000000.0
20170600000000.0,8601260621.0,8616977198.0,8616977252.0,2017060000000000.0,2017060000000000.0
20170600000000.0,8602296722.0,8618013340.0,8618013421.0,2017060000000000.0,2017060000000000.0
20170600000000.0,550945179.0,561376367.0,9270782821.0,2017060000000000.0,2017060000000000.0
20170600000000.0,9747348370.0,9747360177.0,9747360231.0,2017060000000000.0,2017060000000000.0
20170600000000.0,9508581475.0,9508593277.0,9508593358.0,2017060000000000.0,2017060000000000.0
20170600000000.0,9642492591.0,9642504420.0,9642504420.0,2017060000000000.0,2017060000000000.0
20170600000000.0,9595721715.0,9595733525.0,9595733579.0,2017060000000000.0,2017060000000000.0
20170600000000.0,9590559366.0,9590571161.0,9590571242.0,2017060000000000.0,2017060000000000.0
20170600000000.0,9591678983.0,9591690795.0,9591690849.0,2017060000000000.0,2017060000000000.0
20170600000000.0,9592798561.0,9592810361.0,9592810442.0,2017060000000000.0,2017060000000000.0
20170600000000.0,9544823183.0,9544835009.0,9544835063.0,2017060000000000.0,2017060000000000.0
20170600000000.0,8611026411.0,8626743020.0,8626743074.0,2017060000000000.0,2017060000000000.0
20170600000000.0,8608939173.0,8624655810.0,8624655864.0,2017060000000000.0,2017060000000000.0
20170600000000.0,8609991326.0,8625707955.0,8625708036.0,2017060000000000.0,2017060000000000.0
20170600000000.0,9649536050.0,9649547847.0,9649547901.0,2017060000000000.0,2017060000000000.0
20170600000000.0,8752525128.0,8768241725.0,8768241779.0,2017060000000000.0,2017060000000000.0
20170600000000.0,726364130.0,736795263.0,9446201744.0,2017060000000000.0,2017060000000000.0
20170600000000.0,726364130.0,736795263.0,9446201744.0,2017060000000000.0,2017060000000000.0
20170600000000.0,9672467697.0,9672479501.0,9672479555.0,2017060000000000.0,2017060000000000.0
20170600000000.0,9672467697.0,9672479501.0,9672479555.0,2017060000000000.0,2017060000000000.0
20170600000000.0,8774561861.0,8790278434.0,8790278488.0,2017060000000000.0,2017060000000000.0
20170600000000.0,8774561861.0,8790278434.0,8790278488.0,2017060000000000.0,2017060000000000.0
20170600000000.0,600528904.0,610959965.0,9320366419.0,2017060000000000.0,2017060000000000.0
20170600000000.0,8652029657.0,8667746267.0,8667746321.0,2017060000000000.0,2017060000000000.0
20166600000000.0,601568752.0,611999879.0,9321406360.0,2017060000000000.0,2017060000000000.0
20170600000000.0,8653095723.0,8668812299.0,8668812353.0,2017060000000000.0,2017060000000000.0
20170600000000.0,713033136.0,723464246.0,9432870700.0,2017060000000000.0,2017060000000000.0
20170600000000.0,9662029744.0,9662041531.0,9662041585.0,2017060000000000.0,2017060000000000.0
20170600000000.0,9666714434.0,9666726275.0,9666726329.0,2017060000000000.0,2017060000000000.0
20170600000000.0,9666978714.0,9666990484.0,9666990538.0,2017060000000000.0,2017060000000000.0
20170600000000.0,9747785272.0,9747797140.0,9747797194.0,2017060000000000.0,2017060000000000.0
20170600000000.0,8850695561.0,8866412147.0,8866412201.0,2017060000000000.0,2017060000000000.0
20170600000000.0,799795887.0,810227019.0,9519633473.0,2017060000000000.0,2017060000000000.0
20170600000000.0,8851795936.0,8867512535.0,8867512589.0,2017060000000000.0,2017060000000000.0
20170600000000.0,9674329492.0,9674341359.0,9674341413.0,2017060000000000.0,2017060000000000.0
20170600000000.0,8776406806.0,8792123435.0,8792123489.0,2017060000000000.0,2017060000000000.0
20170600000000.0,728477734.0,738908832.0,9448315286.0,2017060000000000.0,2017060000000000.0
20170600000000.0,9532423908.0,9532435707.0,9532435761.0,2017060000000000.0,2017060000000000.0
20170600000000.0,8637354738.0,8653071325.0,8653071379.0,2017060000000000.0,2017060000000000.0
20170600000000.0,9529478261.0,9529490127.0,9529490181.0,2017060000000000.0,2017060000000000.0
20170600000000.0,8634387742.0,8650104366.0,8650104420.0,2017060000000000.0,2017060000000000.0
20170600000000.0,8635736917.0,8651453522.0,8651453576.0,2017060000000000.0,2017060000000000.0
20170600000000.0,9531110733.0,9531122519.0,9531122600.0,2017060000000000.0,2017060000000000.0
20170600000000.0,9676657819.0,9676669622.0,9676669703.0,2017060000000000.0,2017060000000000.0
20170600000000.0,8778732220.0,8794448816.0,8794448897.0,2017060000000000.0,2017060000000000.0
20170600000000.0,730805538.0,741236647.0,9450643101.0,2017060000000000.0,2017060000000000.0
20170600000000.0,9686227901.0,9686239696.0,9686239750.0,2017060000000000.0,2017070000000000.0
20170600000000.0,740347860.0,750779004.0,9460185458.0,2017060000000000.0,2017070000000000.0
20170600000000.0,9686478077.0,9686489881.0,9686489962.0,2017060000000000.0,2017070000000000.0
20170600000000.0,9692635945.0,9692647776.0,9692647830.0,2017060000000000.0,2017060000000000.0
20170600000000.0,746774335.0,757205510.0,9466611910.0,2017060000000000.0,2017060000000000.0
20170600000000.0,9689602236.0,9689614055.0,9689614109.0,2017060000000000.0,2017060000000000.0
20170600000000.0,743780232.0,754211319.0,9463617800.0,2017060000000000.0,2017060000000000.0
20170600000000.0,750618779.0,761049903.0,9470456384.0,2017060000000000.0,2017060000000000.0
20170600000000.0,9697350323.0,9697362126.0,9697362180.0,2017060000000000.0,2017060000000000.0
20170600000000.0,8793305850.0,8809022473.0,8809022527.0,2017060000000000.0,2017060000000000.0
20170600000000.0,830530579.0,840961693.0,9550368174.0,2017060000000000.0,2017060000000000.0
20170600000000.0,9778795814.0,9778807638.0,9778807638.0,2017060000000000.0,2017060000000000.0
20170600000000.0,9776071126.0,9776082942.0,9776083023.0,2017060000000000.0,2017060000000000.0
20170600000000.0,828078464.0,838509623.0,9547916077.0,2017060000000000.0,2017060000000000.0
20170600000000.0,828342568.0,838773752.0,9548180206.0,2017060000000000.0,2017060000000000.0
20170600000000.0,9778575267.0,9778587036.0,9778587144.0,2017060000000000.0,2017060000000000.0
20170600000000.0,9701694393.0,9701706189.0,9701706270.0,2017060000000000.0,2017060000000000.0
20170600000000.0,9702957488.0,9702969307.0,9702969388.0,2017060000000000.0,2017060000000000.0
20170600000000.0,9703756251.0,9703768077.0,9703768158.0,2017060000000000.0,2017060000000000.0
20170600000000.0,9781921803.0,9781933656.0,9781933656.0,2017060000000000.0,2017070000000000.0
20170600000000.0,830794480.0,841225663.0,9550632063.0,2017060000000000.0,2017070000000000.0
20170600000000.0,9779016101.0,9779027881.0,9779027935.0,2017060000000000.0,2017070000000000.0
20170600000000.0,831058905.0,841490038.0,9550896492.0,2017060000000000.0,2017070000000000.0
20170600000000.0,831322677.0,841753864.0,9551160318.0,2017060000000000.0,2017070000000000.0
20170600000000.0,831586945.0,842018063.0,9551424517.0,2017060000000000.0,2017070000000000.0
20170600000000.0,831850746.0,842281925.0,9551688379.0,2017060000000000.0,2017070000000000.0
20170600000000.0,9780468155.0,9780480015.0,9780480069.0,2017060000000000.0,2017070000000000.0
20170600000000.0,833734445.0,844165634.0,9553572115.0,2017060000000000.0,2017070000000000.0
20170600000000.0,9712257939.0,9712269743.0,9712269743.0,2017060000000000.0,2017060000000000.0
20170600000000.0,8808637579.0,8824354198.0,8824354279.0,2017060000000000.0,2017060000000000.0
20170600000000.0,766965877.0,777396995.0,9486803449.0,2017060000000000.0,2017060000000000.0
20170600000000.0,8808899672.0,8824616300.0,8824616354.0,2017060000000000.0,2017060000000000.0
20170600000000.0,767227170.0,777658299.0,9487064753.0,2017060000000000.0,2017060000000000.0
20170600000000.0,8809161914.0,8824878546.0,8824878600.0,2017060000000000.0,2017060000000000.0
20170600000000.0,767491830.0,777923019.0,9487329473.0,2017060000000000.0,2017060000000000.0
20170600000000.0,8809424127.0,8825140719.0,8825140800.0,2017060000000000.0,2017060000000000.0
20170600000000.0,9785488004.0,9785499807.0,9785499888.0,2017060000000000.0,2017060000000000.0
20170600000000.0,837529184.0,847960318.0,9557366718.0,2017060000000000.0,2017060000000000.0
20170600000000.0,9786230737.0,9786242483.0,9786242537.0,2017060000000000.0,2017060000000000.0
20170600000000.0,9709065231.0,9709077003.0,9709077084.0,2017060000000000.0,2017060000000000.0
20170600000000.0,8804973525.0,8820690175.0,8820690256.0,2017060000000000.0,2017060000000000.0
20170600000000.0,9706959451.0,9706971239.0,9706971293.0,2017060000000000.0,2017060000000000.0
20170600000000.0,761034136.0,771465278.0,9480871732.0,2017060000000000.0,2017060000000000.0
20170600000000.0,9708002290.0,9708014119.0,9708014119.0,2017060000000000.0,2017060000000000.0
20170600000000.0,8803921287.0,8819637879.0,8819637933.0,2017060000000000.0,2017060000000000.0
20170600000000.0,9734608391.0,9734620172.0,9734620253.0,2017060000000000.0,2017060000000000.0
20170600000000.0,8837560154.0,8853276782.0,8853276836.0,2017060000000000.0,2017060000000000.0
20170600000000.0,9734856174.0,9734867967.0,9734868021.0,2017060000000000.0,2017060000000000.0
20170600000000.0,774468287.0,784899376.0,9494305830.0,2017060000000000.0,2017060000000000.0
20170600000000.0,8816452296.0,8832168918.0,8832168972.0,2017060000000000.0,2017060000000000.0
20170600000000.0,8813050121.0,8828766759.0,8828766813.0,2017060000000000.0,2017060000000000.0
20170600000000.0,771376979.0,781808152.0,9491214633.0,2017060000000000.0,2017060000000000.0
20170600000000.0,8813312249.0,8829028875.0,8829028956.0,2017060000000000.0,2017060000000000.0
20170600000000.0,8814872210.0,8830588782.0,8830588836.0,2017060000000000.0,2017060000000000.0
20170600000000.0,8815662293.0,8831378864.0,8831378918.0,2017060000000000.0,2017060000000000.0
20170600000000.0,8816190110.0,8831906724.0,8831906778.0,2017060000000000.0,2017060000000000.0
20170600000000.0,9740075203.0,9740087040.0,9740087094.0,2017060000000000.0,2017060000000000.0
20170600000000.0,8842994654.0,8858711239.0,8858711293.0,2017060000000000.0,2017060000000000.0
20170600000000.0,8840095334.0,8855811936.0,8855811990.0,2017060000000000.0,2017060000000000.0
20170600000000.0,789200666.0,799631824.0,9509038278.0,2017060000000000.0,2017060000000000.0
20170600000000.0,8840361042.0,8856077673.0,8856077727.0,2017060000000000.0,2017060000000000.0
20170600000000.0,790257381.0,800688490.0,9510094944.0,2017060000000000.0,2017060000000000.0
20170600000000.0,791841270.0,802272449.0,9511678903.0,2017060000000000.0,2017060000000000.0
20170600000000.0,863056004.0,873487157.0,9582893638.0,2017060000000000.0,2017060000000000.0
20170600000000.0,863319736.0,873750896.0,9583157350.0,2017060000000000.0,2017060000000000.0
20170600000000.0,863583599.0,874014716.0,9583421170.0,2017060000000000.0,2017060000000000.0
20170600000000.0,9802843389.0,9802855163.0,9802855244.0,2017060000000000.0,2017060000000000.0
20170600000000.0,774733476.0,785164645.0,9494571099.0,2017060000000000.0,2017060000000000.0
20170600000000.0,8816717814.0,8832434415.0,8832434469.0,2017060000000000.0,2017060000000000.0
20170600000000.0,774997611.0,785428759.0,9494835213.0,2017060000000000.0,2017060000000000.0
20170600000000.0,9720403032.0,9720414854.0,9720414935.0,2017060000000000.0,2017060000000000.0
20170600000000.0,8828938911.0,8844655483.0,8844655564.0,2017060000000000.0,2017060000000000.0
20170600000000.0,9726215442.0,9726227243.0,9726227324.0,2017060000000000.0,2017060000000000.0
20170600000000.0,8828148813.0,8843865396.0,8843865450.0,2017060000000000.0,2017060000000000.0
20170600000000.0,9725465285.0,9725477079.0,9725477133.0,2017060000000000.0,2017060000000000.0
20170600000000.0,8832212029.0,8847928602.0,8847928656.0,2017060000000000.0,2017060000000000.0
20170600000000.0,8829201131.0,8844917769.0,8844917769.0,2017060000000000.0,2017060000000000.0
20170600000000.0,9726480531.0,9726492339.0,9726492393.0,2017060000000000.0,2017060000000000.0
20170600000000.0,8829466679.0,8845183324.0,8845183378.0,2017060000000000.0,2017060000000000.0
20170600000000.0,8831946328.0,8847662944.0,8847662944.0,2017060000000000.0,2017060000000000.0
20170600000000.0,8858768920.0,8874485565.0,8874485619.0,2017060000000000.0,2017060000000000.0
20170600000000.0,807878571.0,818309666.0,9527716147.0,2017060000000000.0,2017060000000000.0
20170600000000.0,9753795677.0,9753807522.0,9753807576.0,2017060000000000.0,2017060000000000.0
20170600000000.0,8856705208.0,8872421833.0,8872421887.0,2017060000000000.0,2017060000000000.0
20170600000000.0,9754937724.0,9754949511.0,9754949619.0,2017060000000000.0,2017060000000000.0
20170600000000.0,806840467.0,817271635.0,9526678089.0,2017060000000000.0,2017060000000000.0
20170600000000.0,823151026.0,1648577697.0,1648577697.0,2017070000000000.0,2017070000000000.0
20170600000000.0,823405918.0,1648832579.0,1648832633.0,2017070000000000.0,2017070000000000.0
20170600000000.0,823661068.0,1649087735.0,1649087789.0,2017070000000000.0,2017070000000000.0
20170600000000.0,1020329899.0,1030761054.0,9740167508.0,2017070000000000.0,2017070000000000.0
20170600000000.0,9964663505.0,9964675398.0,9964675452.0,2017070000000000.0,2017070000000000.0
20170600000000.0,1020594650.0,1031025739.0,9740432193.0,2017070000000000.0,2017070000000000.0
20170600000000.0,9964887650.0,9964899468.0,9964899522.0,2017070000000000.0,2017070000000000.0
20170600000000.0,9965417616.0,9965429519.0,9965429573.0,2017070000000000.0,2017070000000000.0
20170700000000.0,9974599712.0,9974611581.0,9974611581.0,2017070000000000.0,2017070000000000.0
20170700000000.0,1030567824.0,1040998999.0,9750405453.0,2017070000000000.0,2017070000000000.0
20170700000000.0,9974816861.0,9974828674.0,9974828755.0,2017070000000000.0,2017070000000000.0
20170700000000.0,1031668057.0,1042099239.0,9751505693.0,2017070000000000.0,2017070000000000.0
20170600000000.0,9832099360.0,9832111162.0,9832111216.0,2017060000000000.0,2017060000000000.0
20170600000000.0,9833741722.0,9833753517.0,9833753598.0,2017060000000000.0,2017060000000000.0
20170600000000.0,9835479777.0,9835491588.0,9835491669.0,2017060000000000.0,2017060000000000.0
20170600000000.0,9939644790.0,9939656610.0,9939656664.0,2017060000000000.0,2017070000000000.0
20170600000000.0,995514892.0,1005946017.0,9715352471.0,2017060000000000.0,2017070000000000.0
20170600000000.0,9936566498.0,9936578290.0,9936578344.0,2017060000000000.0,2017070000000000.0
20170600000000.0,9936566498.0,9936578290.0,9936578344.0,2017060000000000.0,2017070000000000.0
20170600000000.0,992515963.0,1002947114.0,9712353514.0,2017060000000000.0,2017070000000000.0
20170600000000.0,992515963.0,1002947114.0,9712353514.0,2017060000000000.0,2017070000000000.0
20170600000000.0,9936835075.0,9936846866.0,9936846920.0,2017060000000000.0,2017070000000000.0
20170600000000.0,992777201.0,1003208312.0,9712614766.0,2017060000000000.0,2017070000000000.0
20170600000000.0,9937100073.0,9937111925.0,9937112006.0,2017060000000000.0,2017070000000000.0
20170600000000.0,9937754185.0,9937765994.0,9937766048.0,2017060000000000.0,2017070000000000.0
20170600000000.0,9938191687.0,9938203493.0,9938203547.0,2017060000000000.0,2017070000000000.0
20170600000000.0,995250055.0,1005681174.0,9715087628.0,2017060000000000.0,2017070000000000.0
20170600000000.0,9829202891.0,9829214721.0,9829214775.0,2017060000000000.0,2017070000000000.0
20170600000000.0,9823161379.0,9823173190.0,9823173244.0,2017060000000000.0,2017070000000000.0
20170600000000.0,9823409286.0,9823421099.0,9823421153.0,2017060000000000.0,2017070000000000.0
20170600000000.0,9823653810.0,9823665684.0,9823665684.0,2017060000000000.0,2017070000000000.0
20170600000000.0,9824883425.0,9824895239.0,9824895239.0,2017060000000000.0,2017070000000000.0
20170600000000.0,9826085724.0,9826097502.0,9826097556.0,2017060000000000.0,2017070000000000.0
20170600000000.0,744361484.0,1569788114.0,1569788195.0,2017060000000000.0,2017060000000000.0
20170600000000.0,744581892.0,1570008530.0,1570008584.0,2017060000000000.0,2017060000000000.0
20170600000000.0,738461708.0,1563888431.0,1563888485.0,2017060000000000.0,2017070000000000.0
20170600000000.0,738713019.0,1564139675.0,1564139729.0,2017060000000000.0,2017070000000000.0
20170600000000.0,740870875.0,1566297515.0,1566297569.0,2017060000000000.0,2017070000000000.0
20170600000000.0,741091020.0,1566517697.0,1566517751.0,2017060000000000.0,2017070000000000.0
20170600000000.0,741344663.0,1566771370.0,1566771370.0,2017060000000000.0,2017070000000000.0
20170600000000.0,743918497.0,1569345138.0,1569345192.0,2017060000000000.0,2017060000000000.0
20170600000000.0,9803059757.0,9803071539.0,9803071593.0,2017060000000000.0,2017060000000000.0
20170600000000.0,9803279827.0,9803291651.0,9803291651.0,2017060000000000.0,2017060000000000.0
20170600000000.0,855197052.0,865628204.0,9575034658.0,2017060000000000.0,2017060000000000.0
20170600000000.0,9803715690.0,9803727525.0,9803727525.0,2017060000000000.0,2017060000000000.0
20170600000000.0,9804200865.0,9804212714.0,9804212714.0,2017060000000000.0,2017060000000000.0
20170600000000.0,9804730493.0,9804742276.0,9804742330.0,2017060000000000.0,2017060000000000.0
20170600000000.0,9805215219.0,9805227022.0,9805227076.0,2017060000000000.0,2017060000000000.0
20170600000000.0,857617352.0,868048417.0,9577454898.0,2017060000000000.0,2017060000000000.0
20170700000000.0,10047832530.0,10047844401.0,10047844401.0,2017070000000000.0,2017070000000000.0
20170700000000.0,1104037407.0,1114468547.0,9823874947.0,2017070000000000.0,2017070000000000.0
20170700000000.0,10048124454.0,10048136294.0,10048136348.0,2017070000000000.0,2017070000000000.0
20170700000000.0,10048890386.0,10048902253.0,10048902307.0,2017070000000000.0,2017070000000000.0
20170700000000.0,10049852288.0,10049864075.0,10049864129.0,2017070000000000.0,2017070000000000.0
20170700000000.0,1106233530.0,1116664653.0,9826071134.0,2017070000000000.0,2017070000000000.0
20170700000000.0,1017730934.0,1843157646.0,1843157700.0,2017070000000000.0,2017070000000000.0
20170700000000.0,1017954035.0,1843380732.0,1843380786.0,2017070000000000.0,2017070000000000.0
20170700000000.0,1018207736.0,1843634421.0,1843634502.0,2017070000000000.0,2017070000000000.0
20170600000000.0,9774656842.0,9774668648.0,9774668702.0,2017060000000000.0,2017070000000000.0
20170600000000.0,823480412.0,833911506.0,9543317987.0,2017060000000000.0,2017070000000000.0
20170600000000.0,9771699766.0,9771711567.0,9771711621.0,2017060000000000.0,2017070000000000.0
20170600000000.0,9773421115.0,9773432927.0,9773433008.0,2017060000000000.0,2017070000000000.0
20170600000000.0,825371592.0,835802700.0,9545209154.0,2017060000000000.0,2017070000000000.0
20170600000000.0,826430311.0,836861396.0,9546267877.0,2017060000000000.0,2017070000000000.0
20170600000000.0,972433843.0,982864970.0,9692271424.0,2017060000000000.0,2017070000000000.0
20170600000000.0,969265748.0,979696864.0,9689103345.0,2017060000000000.0,2017070000000000.0
20170600000000.0,9908228326.0,9908240103.0,9908240157.0,2017060000000000.0,2017070000000000.0
20170600000000.0,970807200.0,981238269.0,9690644750.0,2017060000000000.0,2017070000000000.0
20170600000000.0,971598234.0,982029374.0,9691435828.0,2017060000000000.0,2017070000000000.0
20170700000000.0,876617762.0,1702044431.0,1702044485.0,2017070000000000.0,2017070000000000.0
20170600000000.0,863302175.0,1688728865.0,1688728919.0,2017070000000000.0,2017070000000000.0
20170700000000.0,873547257.0,1698973933.0,1698973987.0,2017070000000000.0,2017070000000000.0
20170700000000.0,873768031.0,1699194717.0,1699194771.0,2017070000000000.0,2017070000000000.0
20170600000000.0,9876139125.0,9876150911.0,9876150965.0,2017060000000000.0,2017070000000000.0
20170600000000.0,931996933.0,942428035.0,9651834489.0,2017060000000000.0,2017070000000000.0
20170600000000.0,9876355964.0,9876367759.0,9876367840.0,2017060000000000.0,2017070000000000.0
20170700000000.0,10097740462.0,10097752301.0,10097752301.0,2017070000000000.0,2017070000000000.0
20170700000000.0,10097740462.0,10097752301.0,10097752301.0,2017070000000000.0,2017070000000000.0
20170700000000.0,10097987723.0,10097999579.0,10097999633.0,2017070000000000.0,2017070000000000.0
20170700000000.0,10097987723.0,10097999579.0,10097999633.0,2017070000000000.0,2017070000000000.0
20170700000000.0,10098238420.0,10098250255.0,10098250255.0,2017070000000000.0,2017070000000000.0
20170700000000.0,10098238420.0,10098250255.0,10098250255.0,2017070000000000.0,2017070000000000.0
20170700000000.0,10099232701.0,10099244490.0,10099244544.0,2017070000000000.0,2017070000000000.0
20170700000000.0,10099232701.0,10099244490.0,10099244544.0,2017070000000000.0,2017070000000000.0
20170600000000.0,9933365878.0,9933377657.0,9933377711.0,2017060000000000.0,2017070000000000.0
20170600000000.0,989268440.0,999699525.0,9709105979.0,2017060000000000.0,2017070000000000.0
20170600000000.0,9933583033.0,9933594815.0,9933594869.0,2017060000000000.0,2017070000000000.0
20170600000000.0,780048237.0,1605474928.0,1605474982.0,2017060000000000.0,2017070000000000.0
20170600000000.0,780303142.0,1605729838.0,1605729892.0,2017060000000000.0,2017070000000000.0
20170600000000.0,756734128.0,1582160849.0,1582160849.0,2017060000000000.0,2017070000000000.0
20170600000000.0,756985379.0,1582412053.0,1582412107.0,2017060000000000.0,2017070000000000.0
20170600000000.0,757240457.0,1582667116.0,1582667170.0,2017060000000000.0,2017070000000000.0
20170600000000.0,766315764.0,1591742418.0,1591742472.0,2017060000000000.0,2017070000000000.0
20170600000000.0,766825015.0,1592251666.0,1592251720.0,2017060000000000.0,2017070000000000.0
20170600000000.0,767044588.0,1592471305.0,1592471305.0,2017060000000000.0,2017070000000000.0
20170600000000.0,779796968.0,1605223653.0,1605223653.0,2017060000000000.0,2017070000000000.0
20170600000000.0,754738190.0,1580164870.0,1580164951.0,2017060000000000.0,2017070000000000.0
20170600000000.0,754958647.0,1580385326.0,1580385380.0,2017060000000000.0,2017070000000000.0
20170600000000.0,745197353.0,1570624004.0,1570624058.0,2017060000000000.0,2017070000000000.0
20170600000000.0,745519534.0,1570946163.0,1570946244.0,2017060000000000.0,2017070000000000.0
20170600000000.0,746131061.0,1571557687.0,1571557768.0,2017060000000000.0,2017070000000000.0
20170600000000.0,751054714.0,1576481409.0,1576481463.0,2017060000000000.0,2017070000000000.0
20170600000000.0,751275289.0,1576701941.0,1576701995.0,2017060000000000.0,2017070000000000.0
20170600000000.0,751529802.0,1576956487.0,1576956568.0,2017060000000000.0,2017070000000000.0
20170600000000.0,754514759.0,1579941459.0,1579941513.0,2017060000000000.0,2017070000000000.0
20170600000000.0,819927754.0,1645354376.0,1645354430.0,2017070000000000.0,2017070000000000.0
20170600000000.0,820434475.0,1645861179.0,1645861179.0,2017070000000000.0,2017070000000000.0
20170600000000.0,9768184470.0,9768196340.0,9768196394.0,2017060000000000.0,2017070000000000.0
20170600000000.0,9765017236.0,9765029006.0,9765029060.0,2017060000000000.0,2017070000000000.0
20170600000000.0,818038936.0,828470050.0,9537876531.0,2017060000000000.0,2017070000000000.0
20170600000000.0,9766560250.0,9766572104.0,9766572158.0,2017060000000000.0,2017070000000000.0
20170600000000.0,9766560250.0,9766572104.0,9766572158.0,2017060000000000.0,2017070000000000.0
20170600000000.0,9766825063.0,9766836844.0,9766836898.0,2017060000000000.0,2017070000000000.0
20170600000000.0,9766825063.0,9766836844.0,9766836898.0,2017060000000000.0,2017070000000000.0
20170600000000.0,9767479783.0,9767491608.0,9767491662.0,2017060000000000.0,2017070000000000.0
20170600000000.0,928444392.0,938875495.0,9648281949.0,2017060000000000.0,2017070000000000.0
20170600000000.0,9872720303.0,9872732086.0,9872732140.0,2017060000000000.0,2017070000000000.0
20170600000000.0,928709359.0,939140521.0,9648546921.0,2017060000000000.0,2017070000000000.0
20170600000000.0,796697521.0,1622124156.0,1622124210.0,2017070000000000.0,2017070000000000.0
20170600000000.0,788844358.0,1614271086.0,1614271140.0,2017070000000000.0,2017070000000000.0
20170600000000.0,789068391.0,1614495107.0,1614495161.0,2017070000000000.0,2017070000000000.0
20170600000000.0,789323080.0,1614749799.0,1614749853.0,2017070000000000.0,2017070000000000.0
20170600000000.0,789574662.0,1615001397.0,1615001451.0,2017070000000000.0,2017070000000000.0
20170600000000.0,793719248.0,1619145886.0,1619145940.0,2017070000000000.0,2017070000000000.0
20170600000000.0,793939312.0,1619366022.0,1619366022.0,2017070000000000.0,2017070000000000.0
20170600000000.0,794163049.0,1619589764.0,1619589818.0,2017070000000000.0,2017070000000000.0
20170600000000.0,794383571.0,1619810291.0,1619810345.0,2017070000000000.0,2017070000000000.0
20170600000000.0,794638344.0,1620064993.0,1620065047.0,2017070000000000.0,2017070000000000.0
20170600000000.0,796223293.0,1621649905.0,1621649986.0,2017070000000000.0,2017070000000000.0
20170600000000.0,796477392.0,1621904040.0,1621904094.0,2017070000000000.0,2017070000000000.0
20170600000000.0,814424815.0,1639851494.0,1639851575.0,2017070000000000.0,2017070000000000.0
20170600000000.0,814645497.0,1640072176.0,1640072230.0,2017070000000000.0,2017070000000000.0
20170600000000.0,808655202.0,1634081923.0,1634081977.0,2017070000000000.0,2017070000000000.0
20170600000000.0,808910068.0,1634336721.0,1634336802.0,2017070000000000.0,2017070000000000.0
20170600000000.0,811792015.0,1637218742.0,1637218742.0,2017070000000000.0,2017070000000000.0
20170600000000.0,814169734.0,1639596427.0,1639596481.0,2017070000000000.0,2017070000000000.0
20170600000000.0,957105289.0,967536422.0,9676942822.0,2017060000000000.0,2017070000000000.0
20170600000000.0,957359886.0,967791035.0,9677197489.0,2017060000000000.0,2017070000000000.0
20170600000000.0,957624716.0,968055876.0,9677462276.0,2017060000000000.0,2017070000000000.0
20170600000000.0,1003882543.0,1014313685.0,9723720139.0,2017070000000000.0,2017070000000000.0
20170600000000.0,9948237173.0,9948248974.0,9948249028.0,2017070000000000.0,2017070000000000.0
20170600000000.0,1004147500.0,1014578645.0,9723985099.0,2017070000000000.0,2017070000000000.0
20170600000000.0,953590347.0,964021485.0,9673427939.0,2017060000000000.0,2017070000000000.0
20170600000000.0,9897857635.0,9897869401.0,9897869482.0,2017060000000000.0,2017070000000000.0
20170600000000.0,9894960698.0,9894972527.0,9894972527.0,2017060000000000.0,2017070000000000.0
20170600000000.0,950906913.0,961338033.0,9670744487.0,2017060000000000.0,2017070000000000.0
20170600000000.0,9895208353.0,9895220190.0,9895220244.0,2017060000000000.0,2017070000000000.0
20170600000000.0,9897640475.0,9897652256.0,9897652310.0,2017060000000000.0,2017070000000000.0
20170700000000.0,909909722.0,1735336406.0,1735336487.0,2017070000000000.0,2017070000000000.0
20170700000000.0,910164085.0,1735590747.0,1735590801.0,2017070000000000.0,2017070000000000.0
20170700000000.0,910418646.0,1735845322.0,1735845376.0,2017070000000000.0,2017070000000000.0
20170700000000.0,10017001201.0,10017013093.0,10017013147.0,2017070000000000.0,2017070000000000.0
20170700000000.0,10017248791.0,10017260637.0,10017260637.0,2017070000000000.0,2017070000000000.0
20170700000000.0,10017492621.0,10017504428.0,10017504509.0,2017070000000000.0,2017070000000000.0
20170700000000.0,10017740526.0,10017752399.0,10017752453.0,2017070000000000.0,2017070000000000.0
20170700000000.0,10018723221.0,10018735026.0,10018735080.0,2017070000000000.0,2017070000000000.0
20170700000000.0,9988382639.0,9988394457.0,9988394511.0,2017070000000000.0,2017070000000000.0
20170700000000.0,949418716.0,1774845415.0,1774845415.0,2017070000000000.0,2017070000000000.0
20170700000000.0,893179240.0,1718605923.0,1718605977.0,2017070000000000.0,2017070000000000.0
20170700000000.0,893433996.0,1718860697.0,1718860751.0,2017070000000000.0,2017070000000000.0
20170700000000.0,893689004.0,1719115686.0,1719115740.0,2017070000000000.0,2017070000000000.0
20170700000000.0,948181045.0,1773607679.0,1773607733.0,2017070000000000.0,2017070000000000.0
20170700000000.0,948435359.0,1773862063.0,1773862144.0,2017070000000000.0,2017070000000000.0
20170700000000.0,925930907.0,1751357536.0,1751357590.0,2017070000000000.0,2017070000000000.0
20170700000000.0,926150812.0,1751577450.0,1751577504.0,2017070000000000.0,2017070000000000.0
20170700000000.0,917471481.0,1742898139.0,1742898220.0,2017070000000000.0,2017070000000000.0
20170700000000.0,917725873.0,1743152544.0,1743152598.0,2017070000000000.0,2017070000000000.0
20170700000000.0,917980317.0,1743406971.0,1743407025.0,2017070000000000.0,2017070000000000.0
20170700000000.0,1064942498.0,1075373671.0,9784780125.0,2017070000000000.0,2017070000000000.0
20170700000000.0,10001249852.0,10001261627.0,10001261681.0,2017070000000000.0,2017070000000000.0
20170700000000.0,9997717087.0,9997728924.0,9997728978.0,2017070000000000.0,2017070000000000.0
20170700000000.0,9998154165.0,9998165946.0,9998166000.0,2017070000000000.0,2017070000000000.0
20170700000000.0,1063622548.0,1074053695.0,9783460095.0,2017070000000000.0,2017070000000000.0
20170700000000.0,10000985050.0,10000996822.0,10000996876.0,2017070000000000.0,2017070000000000.0
20170700000000.0,10143460555.0,10143472397.0,10143472397.0,2017070000000000.0,2017070000000000.0
20170700000000.0,191336684.0,191343792.0,9069958126.0,2017070000000000.0,2017070000000000.0
20170700000000.0,1239418017.0,1249849162.0,9959255616.0,2017070000000000.0,2017070000000000.0
20170700000000.0,192293770.0,192300875.0,9070915209.0,2017070000000000.0,2017070000000000.0
20170700000000.0,927290918.0,1752717622.0,1752717622.0,2017070000000000.0,2017070000000000.0
20170700000000.0,927542130.0,1752968764.0,1752968818.0,2017070000000000.0,2017070000000000.0
20170700000000.0,927796712.0,1753223355.0,1753223409.0,2017070000000000.0,2017070000000000.0
20170700000000.0,1068457406.0,1078888601.0,9788295001.0,2017070000000000.0,2017070000000000.0
20170700000000.0,1070307129.0,1080738311.0,9790144711.0,2017070000000000.0,2017070000000000.0
20170700000000.0,1705051308.0,3346123984.0,13084605136.0,2017070000000000.0,2017070000000000.0
20170700000000.0,10096720816.0,10096732575.0,10096732629.0,2017070000000000.0,2017070000000000.0
20170700000000.0,1705299500.0,3346372160.0,13084853339.0,2017070000000000.0,2017070000000000.0
20170700000000.0,10014270868.0,10014282738.0,10014282792.0,2017070000000000.0,2017070000000000.0
20170700000000.0,10007985796.0,10007997681.0,10007997735.0,2017070000000000.0,2017070000000000.0
20170700000000.0,10008250678.0,10008262421.0,10008262502.0,2017070000000000.0,2017070000000000.0
20170700000000.0,10011155625.0,10011167467.0,10011167521.0,2017070000000000.0,2017070000000000.0
20170700000000.0,1091948119.0,1102379271.0,9811785671.0,2017070000000000.0,2017070000000000.0
20170700000000.0,10032691184.0,10032703032.0,10032703086.0,2017070000000000.0,2017070000000000.0
20170700000000.0,1088956127.0,1099387287.0,9808793741.0,2017070000000000.0,2017070000000000.0
20170700000000.0,10032959243.0,10032971023.0,10032971077.0,2017070000000000.0,2017070000000000.0
20170700000000.0,10032426544.0,10032438378.0,10032438432.0,2017070000000000.0,2017070000000000.0
20170700000000.0,1088691065.0,1099122219.0,9808528673.0,2017070000000000.0,2017070000000000.0
20170700000000.0,10029516844.0,10029528650.0,10029528704.0,2017070000000000.0,2017070000000000.0
20170700000000.0,10031020821.0,10031032705.0,10031032759.0,2017070000000000.0,2017070000000000.0
20170700000000.0,10031237434.0,10031249240.0,10031249294.0,2017070000000000.0,2017070000000000.0
20170700000000.0,1087370806.0,1097801946.0,9807208400.0,2017070000000000.0,2017070000000000.0
20170700000000.0,10142851285.0,10142863123.0,10142863177.0,2017070000000000.0,2017070000000000.0
20170700000000.0,10143099385.0,10143111234.0,10143111234.0,2017070000000000.0,2017070000000000.0
20170700000000.0,1208750815.0,1219181950.0,9928588431.0,2017070000000000.0,2017070000000000.0
20170700000000.0,160929582.0,160936686.0,9039551074.0,2017070000000000.0,2017070000000000.0
20170700000000.0,161173652.0,161180755.0,9039795143.0,2017070000000000.0,2017070000000000.0
20170700000000.0,1210370855.0,1220801999.0,9930208453.0,2017070000000000.0,2017070000000000.0
20170700000000.0,10070924565.0,10070936423.0,10070936477.0,2017070000000000.0,2017070000000000.0
20170700000000.0,1680065519.0,3321138468.0,13059619620.0,2017070000000000.0,2017070000000000.0
20170700000000.0,10068697723.0,10068709496.0,10068709577.0,2017070000000000.0,2017070000000000.0
20170700000000.0,1124868318.0,1135299419.0,9844705873.0,2017070000000000.0,2017070000000000.0
20170700000000.0,1681166037.0,3322239087.0,13060720239.0,2017070000000000.0,2017070000000000.0
20170700000000.0,10069761953.0,10069773711.0,10069773792.0,2017070000000000.0,2017070000000000.0
20170700000000.0,1125945526.0,1136376610.0,9845783091.0,2017070000000000.0,2017070000000000.0
20170700000000.0,1681386469.0,3322459449.0,13060940601.0,2017070000000000.0,2017070000000000.0
20170700000000.0,10070707983.0,10070719773.0,10070719827.0,2017070000000000.0,2017070000000000.0
20170700000000.0,10129858993.0,10129870830.0,10129870884.0,2017070000000000.0,2017070000000000.0
20170700000000.0,1187964476.0,1198395614.0,9907802068.0,2017070000000000.0,2017070000000000.0
20170700000000.0,10141973516.0,10141985365.0,10141985419.0,2017070000000000.0,2017070000000000.0
20170700000000.0,10075203072.0,10075214892.0,10075214946.0,2017070000000000.0,2017070000000000.0
20170700000000.0,1131418530.0,1141849643.0,9851256124.0,2017070000000000.0,2017070000000000.0
20170700000000.0,10075453686.0,10075465493.0,10075465547.0,2017070000000000.0,2017070000000000.0
20170700000000.0,10135589253.0,10135601042.0,10135601096.0,2017070000000000.0,2017070000000000.0
20170700000000.0,10136250661.0,10136262448.0,10136262448.0,2017070000000000.0,2017070000000000.0
20170700000000.0,10004421256.0,10004433058.0,10004433112.0,2017070000000000.0,2017070000000000.0
20170700000000.0,10004641653.0,10004653442.0,10004653523.0,2017070000000000.0,2017070000000000.0
20170700000000.0,10001514280.0,10001526073.0,10001526127.0,2017070000000000.0,2017070000000000.0
20170700000000.0,10002921665.0,10002933537.0,10002933537.0,2017070000000000.0,2017070000000000.0
20170700000000.0,976960159.0,1802386841.0,1802386895.0,2017070000000000.0,2017070000000000.0
20170700000000.0,977180515.0,1802607201.0,1802607255.0,2017070000000000.0,2017070000000000.0
20170700000000.0,971188672.0,1796615355.0,1796615355.0,2017070000000000.0,2017070000000000.0
20170700000000.0,971443338.0,1796870060.0,1796870114.0,2017070000000000.0,2017070000000000.0
20170700000000.0,1674757001.0,3315829976.0,13054311128.0,2017070000000000.0,2017070000000000.0
20170700000000.0,1674977334.0,3316050378.0,13054531530.0,2017070000000000.0,2017070000000000.0
20170700000000.0,1675228503.0,3316301499.0,13054782651.0,2017070000000000.0,2017070000000000.0
20170700000000.0,1675493173.0,3316566151.0,13055047303.0,2017070000000000.0,2017070000000000.0
20170700000000.0,1675757652.0,3316830704.0,13055311856.0,2017070000000000.0,2017070000000000.0
20170700000000.0,1676026091.0,3317099070.0,13055580222.0,2017070000000000.0,2017070000000000.0
20170700000000.0,1135331086.0,1960757764.0,1960757872.0,2017070000000000.0,2017070000000000.0
20170700000000.0,1135551628.0,1960978349.0,1960978403.0,2017070000000000.0,2017070000000000.0
20170700000000.0,1048375993.0,1873802727.0,1873802727.0,2017070000000000.0,2017070000000000.0
20170700000000.0,1048885233.0,1874311916.0,1874311916.0,2017070000000000.0,2017070000000000.0
20170700000000.0,1049360156.0,1874786827.0,1874786881.0,2017070000000000.0,2017070000000000.0
20170700000000.0,1131240284.0,1956666958.0,1956667012.0,2017070000000000.0,2017070000000000.0
20170700000000.0,1133175196.0,1958601892.0,1958601946.0,2017070000000000.0,2017070000000000.0
20170700000000.0,1134855852.0,1960282532.0,1960282586.0,2017070000000000.0,2017070000000000.0
20170700000000.0,10063039466.0,10063051276.0,10063051330.0,2017070000000000.0,2017070000000000.0
20170700000000.0,10060652629.0,10060664417.0,10060664471.0,2017070000000000.0,2017070000000000.0
20170700000000.0,1674151493.0,3315224523.0,13053705621.0,2017070000000000.0,2017070000000000.0
20170700000000.0,1674540210.0,3315613172.0,13054094324.0,2017070000000000.0,2017070000000000.0
20170700000000.0,964627932.0,1790054662.0,1790054662.0,2017070000000000.0,2017070000000000.0
20170700000000.0,964848614.0,1790275333.0,1790275387.0,2017070000000000.0,2017070000000000.0
20170700000000.0,965103486.0,1790530129.0,1790530210.0,2017070000000000.0,2017070000000000.0
20170700000000.0,1073268268.0,1898694920.0,1898695001.0,2017070000000000.0,2017070000000000.0
20170700000000.0,1073522973.0,1898949636.0,1898949690.0,2017070000000000.0,2017070000000000.0
20170700000000.0,1067785734.0,1893212432.0,1893212486.0,2017070000000000.0,2017070000000000.0
20170700000000.0,1068037146.0,1893463823.0,1893463877.0,2017070000000000.0,2017070000000000.0
20170700000000.0,1070415462.0,1895842133.0,1895842133.0,2017070000000000.0,2017070000000000.0
20170700000000.0,1070635890.0,1896062575.0,1896062629.0,2017070000000000.0,2017070000000000.0
20170700000000.0,1834625873.0,3475698530.0,13214179628.0,2017070000000000.0,2017070000000000.0
20170700000000.0,10224525016.0,10224536845.0,10224536899.0,2017070000000000.0,2017070000000000.0
20170700000000.0,239556645.0,239563746.0,9118178134.0,2017070000000000.0,2017070000000000.0
20170700000000.0,240069289.0,240076337.0,9118690725.0,2017070000000000.0,2017070000000000.0
20170700000000.0,10225293461.0,10225305254.0,10225305335.0,2017070000000000.0,2017070000000000.0
20170700000000.0,10225770797.0,10225782632.0,10225782686.0,2017070000000000.0,2017070000000000.0
20170700000000.0,190625998.0,190633027.0,9069247415.0,2017070000000000.0,2017070000000000.0
20170700000000.0,1238674194.0,1249105334.0,9958511788.0,2017070000000000.0,2017070000000000.0
20170700000000.0,187723862.0,187730992.0,9066345380.0,2017070000000000.0,2017070000000000.0
20170700000000.0,1235791448.0,1246222578.0,9955629032.0,2017070000000000.0,2017070000000000.0
20170700000000.0,10237220000.0,10237231794.0,10237231875.0,2017070000000000.0,2017070000000000.0
20170700000000.0,1847467281.0,3488539944.0,13227021096.0,2017070000000000.0,2017070000000000.0
20170700000000.0,1080579823.0,1906006492.0,1906006546.0,2017070000000000.0,2017070000000000.0
20170700000000.0,1080831126.0,1906257756.0,1906257810.0,2017070000000000.0,2017070000000000.0
20170700000000.0,10236143821.0,10236155618.0,10236155618.0,2017070000000000.0,2017070000000000.0
20170700000000.0,251179804.0,251186931.0,9129801265.0,2017070000000000.0,2017070000000000.0
20170700000000.0,1755725634.0,3396798286.0,13135279465.0,2017070000000000.0,2017070000000000.0
20170700000000.0,10147414532.0,10147426317.0,10147426398.0,2017070000000000.0,2017070000000000.0
20170700000000.0,1755973212.0,3397045867.0,13135527046.0,2017070000000000.0,2017070000000000.0
20170700000000.0,10149456851.0,10149468676.0,10149468730.0,2017070000000000.0,2017070000000000.0
20170700000000.0,0.0,0.0,0.0,2017070000000000.0,2017070000000000.0
20170700000000.0,0.0,0.0,0.0,2017070000000000.0,2017070000000000.0
20170700000000.0,1759446061.0,3400518750.0,13138999902.0,2017070000000000.0,2017070000000000.0
20170700000000.0,1759664718.0,3400737416.0,13139218568.0,2017070000000000.0,2017070000000000.0
20170700000000.0,10154489444.0,10154501245.0,10154501299.0,2017070000000000.0,2017070000000000.0
20170700000000.0,1074365102.0,1899791834.0,1899791888.0,2017070000000000.0,2017070000000000.0
20170700000000.0,1074616531.0,1900043249.0,1900043249.0,2017070000000000.0,2017070000000000.0
20170700000000.0,1074871322.0,1900298052.0,1900298106.0,2017070000000000.0,2017070000000000.0
20170700000000.0,1783333405.0,3424406070.0,13162887249.0,2017070000000000.0,2017070000000000.0
20170700000000.0,1783799111.0,3424871782.0,13163352880.0,2017070000000000.0,2017070000000000.0
20170700000000.0,1784236250.0,3425308927.0,13163790079.0,2017070000000000.0,2017070000000000.0
20170700000000.0,1261976574.0,1272407702.0,9981814102.0,2017070000000000.0,2017070000000000.0
20170700000000.0,1262196579.0,1272627725.0,9982034206.0,2017070000000000.0,2017070000000000.0
20170700000000.0,1262417182.0,1272848276.0,9982254730.0,2017070000000000.0,2017070000000000.0
20170700000000.0,1262634015.0,1273065102.0,9982471556.0,2017070000000000.0,2017070000000000.0
20170700000000.0,1840339759.0,3481412423.0,13219893521.0,2017070000000000.0,2017070000000000.0
20170700000000.0,1243409155.0,1253840309.0,9963246763.0,2017070000000000.0,2017070000000000.0
20170700000000.0,195581532.0,195588613.0,9074203001.0,2017070000000000.0,2017070000000000.0
20170700000000.0,1836920575.0,3477993212.0,13216474364.0,2017070000000000.0,2017070000000000.0
20170700000000.0,10226780198.0,10226792023.0,10226792077.0,2017070000000000.0,2017070000000000.0
20170700000000.0,1129825792.0,1955252496.0,1955252550.0,2017070000000000.0,2017070000000000.0
20170700000000.0,1124340901.0,1949767609.0,1949767690.0,2017070000000000.0,2017070000000000.0
20170700000000.0,1126719098.0,1952145746.0,1952145800.0,2017070000000000.0,2017070000000000.0
20170700000000.0,10209798982.0,10209810799.0,10209810853.0,2017070000000000.0,2017070000000000.0
20170700000000.0,1817041701.0,3458114349.0,13196595501.0,2017070000000000.0,2017070000000000.0
20170700000000.0,1818462060.0,3459534703.0,13198015855.0,2017070000000000.0,2017070000000000.0
20170700000000.0,1805837076.0,3446909733.0,13185390831.0,2017070000000000.0,2017070000000000.0
20170700000000.0,1806081960.0,3447154626.0,13185635778.0,2017070000000000.0,2017070000000000.0
20170700000000.0,1806326885.0,3447399531.0,13185880683.0,2017070000000000.0,2017070000000000.0
20170700000000.0,1810782147.0,3451854796.0,13190335948.0,2017070000000000.0,2017070000000000.0
20170700000000.0,1812885571.0,3453958240.0,13192439392.0,2017070000000000.0,2017070000000000.0
20170700000000.0,1813378242.0,3454450950.0,13192932102.0,2017070000000000.0,2017070000000000.0
20170700000000.0,1142193542.0,1967620202.0,1967620256.0,2017070000000000.0,2017070000000000.0
20170700000000.0,1142417454.0,1967844180.0,1967844180.0,2017070000000000.0,2017070000000000.0
20170700000000.0,1136422863.0,1961849545.0,1961849545.0,2017070000000000.0,2017070000000000.0
20170700000000.0,1136677432.0,1962104123.0,1962104177.0,2017070000000000.0,2017070000000000.0
20170700000000.0,1137661669.0,1963088335.0,1963088389.0,2017070000000000.0,2017070000000000.0
20170700000000.0,1138835066.0,1964261752.0,1964261806.0,2017070000000000.0,2017070000000000.0
20170700000000.0,1139309589.0,1964736245.0,1964736326.0,2017070000000000.0,2017070000000000.0
20170700000000.0,1139564054.0,1964990773.0,1964990827.0,2017070000000000.0,2017070000000000.0
20170700000000.0,1842608317.0,3483680944.0,13222162123.0,2017070000000000.0,2017070000000000.0
20170700000000.0,10232493165.0,10232505015.0,10232505015.0,2017070000000000.0,2017070000000000.0
20170700000000.0,1842876557.0,3483949246.0,13222430344.0,2017070000000000.0,2017070000000000.0
20170700000000.0,1830973701.0,3472046347.0,13210527499.0,2017070000000000.0,2017070000000000.0
20170700000000.0,10220901499.0,10220913376.0,10220913430.0,2017070000000000.0,2017070000000000.0
20170700000000.0,1831218476.0,3472291106.0,13210772285.0,2017070000000000.0,2017070000000000.0
20170700000000.0,1121222713.0,1946649424.0,1946649424.0,2017070000000000.0,2017070000000000.0
20170700000000.0,1121446826.0,1946873469.0,1946873523.0,2017070000000000.0,2017070000000000.0
20170700000000.0,1115219615.0,1940646276.0,1940646330.0,2017070000000000.0,2017070000000000.0
20170700000000.0,1115474469.0,1940901143.0,1940901197.0,2017070000000000.0,2017070000000000.0
20170700000000.0,1118106796.0,1943533491.0,1943533572.0,2017070000000000.0,2017070000000000.0
20170700000000.0,1118358410.0,1943785061.0,1943785115.0,2017070000000000.0,2017070000000000.0
20170700000000.0,257575281.0,257582379.0,9136196713.0,2017070000000000.0,2017070000000000.0
20170700000000.0,1852914833.0,3493987494.0,13232468673.0,2017070000000000.0,2017070000000000.0
20170700000000.0,10240512772.0,10240524604.0,10240524685.0,2017070000000000.0,2017070000000000.0
20170700000000.0,255528444.0,255535546.0,9134149934.0,2017070000000000.0,2017070000000000.0
20170700000000.0,10241517828.0,10241529665.0,10241529665.0,2017070000000000.0,2017070000000000.0
20170700000000.0,256583946.0,256591025.0,9135205413.0,2017070000000000.0,2017070000000000.0
20170700000000.0,1305383979.0,1315815106.0,10025221560.0,2017070000000000.0,2017070000000000.0
20170700000000.0,1871600878.0,3512673538.0,13251154636.0,2017070000000000.0,2017070000000000.0
20170700000000.0,1303268489.0,1313699681.0,10023106135.0,2017070000000000.0,2017070000000000.0
20170700000000.0,1869475554.0,3510548263.0,13249029361.0,2017070000000000.0,2017070000000000.0
20170700000000.0,1304326269.0,1314757465.0,10024163919.0,2017070000000000.0,2017070000000000.0
20170700000000.0,1870539234.0,3511611868.0,13250093047.0,2017070000000000.0,2017070000000000.0
20170700000000.0,277764766.0,277771850.0,9156386238.0,2017070000000000.0,2017070000000000.0
20170700000000.0,1873103946.0,3514176633.0,13252657785.0,2017070000000000.0,2017070000000000.0
20170700000000.0,1307037591.0,1317468762.0,10026875243.0,2017070000000000.0,2017070000000000.0
20170700000000.0,1167814914.0,1993241586.0,1993241640.0,2017070000000000.0,2017070000000000.0
20170700000000.0,1168068657.0,1993495317.0,1993495371.0,2017070000000000.0,2017070000000000.0
20170700000000.0,1168322486.0,1993749208.0,1993749262.0,2017070000000000.0,2017070000000000.0
20170700000000.0,10242787037.0,10242798814.0,10242798895.0,2017070000000000.0,2017070000000000.0
20170700000000.0,257836204.0,257843299.0,9136457687.0,2017070000000000.0,2017070000000000.0
20170700000000.0,1853180447.0,3494253064.0,13232734216.0,2017070000000000.0,2017070000000000.0
20170700000000.0,285201561.0,285208660.0,9163823048.0,2017070000000000.0,2017070000000000.0
20170700000000.0,1314509991.0,1324941145.0,10034347599.0,2017070000000000.0,2017070000000000.0
20170700000000.0,1878204953.0,3519277632.0,13257758784.0,2017070000000000.0,2017070000000000.0
20170700000000.0,283104489.0,283111553.0,9161725941.0,2017070000000000.0,2017070000000000.0
20170700000000.0,1878448752.0,3519521411.0,13258002563.0,2017070000000000.0,2017070000000000.0
20170700000000.0,284156555.0,284163656.0,9162778071.0,2017070000000000.0,2017070000000000.0
20170700000000.0,1879494973.0,3520567649.0,13259048801.0,2017070000000000.0,2017070000000000.0
20170700000000.0,1313455986.0,1323887156.0,10033293610.0,2017070000000000.0,2017070000000000.0
20170700000000.0,1314248200.0,1324679367.0,10034085821.0,2017070000000000.0,2017070000000000.0
20170700000000.0,285909999.0,285917099.0,9164531487.0,2017070000000000.0,2017070000000000.0
20170700000000.0,1315165318.0,1325596528.0,10035002928.0,2017070000000000.0,2017070000000000.0
20170700000000.0,1227290254.0,2052716926.0,2052716926.0,2017070000000000.0,2017070000000000.0
20170700000000.0,10354910376.0,10354922232.0,10354922286.0,2017070000000000.0,2017070000000000.0
20170700000000.0,1400270791.0,1410701926.0,10120108380.0,2017070000000000.0,2017070000000000.0
20170700000000.0,1972473458.0,3613546447.0,13352027599.0,2017070000000000.0,2017070000000000.0
20170700000000.0,1515609230.0,1526040344.0,10235446744.0,2017070000000000.0,2017070000000000.0
20170700000000.0,0.0,0.0,0.0,2017070000000000.0,2017070000000000.0
20170700000000.0,1401673688.0,1412104819.0,10121511273.0,2017070000000000.0,2017070000000000.0
20170700000000.0,1249995229.0,2075421969.0,2075421969.0,2017070000000000.0,2017070000000000.0
20170700000000.0,1244507345.0,2069933975.0,2069934029.0,2017070000000000.0,2017070000000000.0
20170700000000.0,1245236833.0,2070663573.0,2070663654.0,2017070000000000.0,2017070000000000.0
20170700000000.0,1245934458.0,2071361162.0,2071361216.0,2017070000000000.0,2017070000000000.0
20170700000000.0,1246664301.0,2072090984.0,2072091038.0,2017070000000000.0,2017070000000000.0
20170700000000.0,1247360038.0,2072786706.0,2072786760.0,2017070000000000.0,2017070000000000.0
20170700000000.0,1248092939.0,2073519614.0,2073519695.0,2017070000000000.0,2017070000000000.0
20170700000000.0,1248789565.0,2074216232.0,2074216232.0,2017070000000000.0,2017070000000000.0
20170700000000.0,1249519764.0,2074946446.0,2074946500.0,2017070000000000.0,2017070000000000.0
20170700000000.0,1272759984.0,2098186643.0,2098186643.0,2017070000000000.0,2017070000000000.0
20170700000000.0,1273014970.0,2098441659.0,2098441713.0,2017070000000000.0,2017070000000000.0
20170700000000.0,1209599218.0,2035025860.0,2035025941.0,2017070000000000.0,2017070000000000.0
20170700000000.0,1212484938.0,2037911559.0,2037911640.0,2017070000000000.0,2017070000000000.0
20170700000000.0,1485297127.0,1495728263.0,10205134744.0,2017070000000000.0,2017070000000000.0
20170700000000.0,2059659046.0,3700732096.0,13439213194.0,2017070000000000.0,2017070000000000.0
20170700000000.0,1485562449.0,1495993590.0,10205400044.0,2017070000000000.0,2017070000000000.0
20170700000000.0,1410022502.0,1420453650.0,10129860131.0,2017070000000000.0,2017070000000000.0
20170700000000.0,10361646778.0,10361658545.0,10361658599.0,2017070000000000.0,2017070000000000.0
20170700000000.0,1407343624.0,1417774784.0,10127181238.0,2017070000000000.0,2017070000000000.0
20170700000000.0,10362411498.0,10362423292.0,10362423346.0,2017070000000000.0,2017070000000000.0
20170700000000.0,1408135810.0,1418566944.0,10127973344.0,2017070000000000.0,2017070000000000.0
20170700000000.0,10363165980.0,10363177817.0,10363177898.0,2017070000000000.0,2017070000000000.0
