311X223,311X189,311X25,311X26,311X88,311X87,311X32,311X86,311X89,311X90,311X193,311X205,311X207,311X203,311X192,311X69,311X196,311X154,311X33,311X188,311X194,311X204,311X68,311X29,311X1,311X190,311X191,311X187,311X30,311X183,311X184,311X197,311X70,311X129,311X137,311X133,311X135,210X193,311X211,311X152,420X97,311X134,311X171,311X59,311X7,311X71,311X6,311X164,311X151,311X22
109,52.3,9491,9491,8.2,7.6,301,8.2,7.1,8.3,14.12,54.6,54.5,54.6,14.12,6.3,14.12,-0.1,301,44.7,14.16,54.5,5.6,301,6,44.6,44.6,44.7,301,37.1,37.9,14.11,5.0,0.0,12.9,12.9,12.9,0.02,4.78,0.0,8.8,12.9,20170700000000.0,20170700000000.0,20170700000000.0,5.1,20170700000000.0,20170700000000.0,0.0,20170700000000.0
109,49.8,9492,9492,8.0,7.5,301,7.8,7.0,7.7,14.13,54.5,54.4,54.5,14.12,6.3,14.12,0.0,301,44.8,14.16,53.8,5.7,301,6,44.6,44.6,44.6,301,37.1,37.9,14.11,4.7,0.0,12.9,12.9,12.9,0.02,4.98,0.0,8.6,12.9,20170700000000.0,20170700000000.0,20170700000000.0,4.9,20170700000000.0,20170700000000.0,0.0,20170700000000.0
109,51.8,9493,9493,7.9,7.5,301,7.7,7.1,8.1,14.13,54.6,54.6,54.6,14.11,6.5,14.12,-0.1,301,44.8,14.17,53.8,5.7,301,6,44.6,44.6,44.6,301,37.1,37.9,14.11,4.8,0.0,12.9,12.9,12.9,0.02,4.86,0.0,8.9,12.9,20170700000000.0,20170700000000.0,,5.2,20170700000000.0,20170700000000.0,0.0,20170700000000.0
54,51.6,5763,5790,7.5,7.2,301,7.4,6.8,7.5,14.14,54.4,54.3,54.3,14.13,6.9,14.13,-0.1,301,46.1,14.18,54.3,6.2,301,11,46.1,46.1,46.1,301,38.7,39.5,14.15,5.3,0.1,13.1,13.1,13.1,0.19,4.99,-0.1,8.7,13.1,,,,5.5,,20170700000000.0,-0.1,20170700000000.0
198,56.9,14291,14291,9.3,9.2,300,9.2,8.8,9.3,14.07,58.4,58.4,58.4,14.06,6.2,14.06,0.0,301,48.6,14.11,58.3,5.3,301,1,48.6,48.6,48.6,300,37.8,38.6,14.11,4.5,0.2,12.9,12.9,12.9,0.11,4.77,0.0,9.0,12.9,20170700000000.0,20170700000000.0,20170700000000.0,4.6,20170700000000.0,20170700000000.0,0.0,20170700000000.0
101,51.7,5000,5000,8.8,8.3,301,8.8,7.7,8.9,14.14,57.6,57.6,57.6,14.13,6.7,14.13,-0.1,301,46.9,14.18,57.4,6.0,301,0,46.8,46.8,46.9,301,37.8,38.6,14.16,5.2,0.1,12.9,12.9,12.9,0.2,5.03,0.0,9.7,12.9,20170700000000.0,20170700000000.0,20170700000000.0,5.6,20170700000000.0,20170700000000.0,0.0,20170700000000.0
54,51.3,5610,5637,8.5,8.2,301,8.4,7.8,8.5,14.11,54.2,54.1,54.2,14.08,6.9,14.08,-0.1,301,46.4,14.12,53.6,6.2,301,11,46.2,46.2,46.3,301,38.7,39.5,14.12,5.5,0.1,13.1,13.1,13.1,0.01,4.88,-0.1,8.5,13.0,20170700000000.0,20170700000000.0,20170700000000.0,5.7,20170700000000.0,20170700000000.0,-0.1,20170700000000.0
198,58.3,14024,14024,10.3,9.5,300,9.6,8.6,9.6,14.02,58.5,58.5,58.5,14.01,6.3,14.01,0.0,300,48.8,14.06,57.6,5.4,300,1,48.6,48.6,48.6,300,37.0,37.8,14.07,4.8,0.2,12.9,12.9,12.9,0.0,4.56,0.0,8.8,12.9,20170700000000.0,20170700000000.0,20170700000000.0,4.9,20170700000000.0,20170700000000.0,0.0,20170700000000.0
198,54.6,14016,14016,10.0,9.5,300,9.9,8.8,9.8,14.02,58.4,58.4,58.4,14.01,6.2,14.01,0.0,300,48.9,14.06,57.6,5.2,300,1,48.6,48.6,48.7,300,37.0,37.8,14.07,4.4,0.2,12.9,12.9,12.9,0.0,4.84,0.0,8.9,12.9,20170700000000.0,20170700000000.0,20170700000000.0,4.4,20170700000000.0,20170700000000.0,0.0,20170700000000.0
198,55.6,14020,14020,9.9,9.5,300,9.9,9.0,9.8,14.02,58.4,58.4,58.4,14.01,6.1,14.01,0.0,300,48.9,14.06,57.6,5.4,301,1,48.6,48.6,48.6,300,37.0,37.8,14.07,4.4,0.2,12.9,12.9,12.9,0.01,4.62,0.0,8.9,12.9,20170700000000.0,20170700000000.0,20170700000000.0,5.1,20170700000000.0,20170700000000.0,0.0,20170700000000.0
198,55.0,14021,14021,10.0,9.6,300,10.0,9.2,9.8,14.02,58.4,58.4,58.4,14.01,6.3,14.01,0.0,300,48.9,14.06,57.6,5.3,300,1,48.6,48.6,48.7,300,37.0,37.8,14.07,4.7,0.2,12.9,12.9,12.9,0.0,4.77,0.0,8.3,12.9,20170700000000.0,20170700000000.0,20170700000000.0,4.8,20170700000000.0,20170700000000.0,0.0,20170700000000.0
101,52.5,4741,4741,8.7,8.6,301,8.7,7.9,9.0,14.09,57.5,57.5,57.5,14.08,6.7,14.08,-0.1,301,46.9,14.13,57.0,5.9,301,0,46.8,46.8,46.8,301,37.1,37.9,14.09,5.2,0.1,12.9,12.9,12.9,0.0,4.87,0.0,8.8,12.9,20170700000000.0,20170700000000.0,20170700000000.0,5.3,20170700000000.0,20170700000000.0,0.0,20170700000000.0
101,52.5,4741,4741,8.7,8.6,301,8.7,7.9,9.0,14.09,57.5,57.5,57.5,14.08,6.7,14.08,-0.1,301,46.9,14.13,57.0,5.9,301,0,46.8,46.8,46.8,301,37.1,37.9,14.09,5.2,0.1,12.9,12.9,12.9,0.0,4.87,0.0,8.8,12.9,20170700000000.0,20170700000000.0,20170700000000.0,5.3,20170700000000.0,20170700000000.0,0.0,20170700000000.0
54,51.3,5910,5937,8.2,7.9,301,8.2,7.3,7.8,14.14,54.1,54.1,54.1,14.14,6.6,14.13,-0.1,301,46.0,14.18,54.0,6.0,301,11,46.0,46.0,46.0,301,38.7,39.5,14.15,5.4,0.1,13.1,13.1,13.1,0.05,5.02,-0.1,9.6,13.0,,20170700000000.0,20170700000000.0,5.2,20170700000000.0,20170700000000.0,-0.1,20170700000000.0
198,56.8,14438,14438,9.4,9.1,300,9.4,8.5,9.7,14.07,58.3,58.3,58.3,14.06,6.2,14.06,0.0,300,48.5,14.11,58.1,5.2,300,1,48.5,48.5,48.5,300,37.8,38.6,14.11,4.5,0.2,12.9,12.9,12.9,0.17,4.65,0.0,8.8,12.9,20170700000000.0,20170700000000.0,20170700000000.0,4.4,20170700000000.0,20170700000000.0,0.0,20170700000000.0
101,51.7,5147,5147,8.5,8.1,301,8.2,7.9,8.7,14.14,57.5,57.6,57.5,14.13,6.6,14.13,-0.1,301,46.8,14.18,57.2,5.9,301,0,46.7,46.7,46.7,301,37.8,38.6,14.16,5.1,0.1,12.9,12.9,12.9,0.25,4.96,0.0,9.0,12.9,20170700000000.0,20170700000000.0,20170700000000.0,5.3,20170700000000.0,20170700000000.0,0.0,20170700000000.0
198,55.2,14185,14185,10.3,9.6,300,10.3,8.9,9.7,14.07,58.6,58.5,58.5,14.06,6.1,14.06,0.0,300,48.7,14.11,57.7,5.4,300,1,48.5,48.5,48.5,300,37.8,38.6,14.11,4.5,0.2,12.9,12.9,12.9,0.38,4.76,0.0,8.4,12.9,20170700000000.0,20170700000000.0,,4.8,20170700000000.0,20170700000000.0,0.0,20170700000000.0
101,52.1,4894,4894,8.6,8.2,301,8.1,7.5,8.4,14.14,57.5,57.5,57.5,14.13,6.9,14.13,-0.1,301,46.9,14.18,57.0,6.0,301,0,46.7,46.7,46.7,301,37.8,38.6,14.16,5.3,0.1,12.9,12.9,12.9,0.38,4.96,0.0,8.5,12.9,,,,5.7,20170700000000.0,20170700000000.0,0.0,20170700000000.0
198,55.3,14173,14173,9.8,9.3,300,9.8,8.6,9.6,14.07,58.5,58.4,58.4,14.06,5.9,14.06,0.0,300,48.6,14.11,58.4,5.3,300,1,48.5,48.6,48.5,300,37.8,38.6,14.11,4.5,0.2,12.9,12.9,12.9,0.35,5.0,0.0,8.7,12.9,20170700000000.0,20170700000000.0,20170700000000.0,4.7,20170700000000.0,20170700000000.0,0.0,20170700000000.0
101,50.4,4882,4882,8.6,8.1,301,8.6,7.3,8.6,14.14,57.7,57.7,57.7,14.13,6.9,14.13,-0.1,301,46.8,14.18,57.4,6.1,301,0,46.7,46.7,46.7,301,37.8,38.6,14.16,5.4,0.1,12.9,12.9,12.9,0.34,5.2,0.0,8.7,12.9,20170700000000.0,20170700000000.0,20170700000000.0,5.9,20170700000000.0,20170700000000.0,0.0,20170700000000.0
54,50.9,5815,5842,8.4,8.0,301,8.4,7.7,8.0,14.14,54.1,54.0,54.0,14.13,7.2,14.13,-0.1,301,46.2,14.18,53.4,6.2,301,11,46.0,46.0,46.0,301,38.7,39.5,14.15,5.4,0.1,13.0,13.1,13.1,0.16,4.89,-0.1,8.6,13.0,20170700000000.0,20170700000000.0,20170700000000.0,5.6,20170700000000.0,20170700000000.0,-0.1,20170700000000.0
198,57.0,14343,14343,9.7,9.4,300,9.7,8.8,9.6,14.07,58.4,58.3,58.3,14.06,6.2,14.06,0.0,300,48.7,14.11,57.6,5.4,300,1,48.5,48.5,48.5,300,37.8,38.6,14.11,4.6,0.2,12.9,12.9,13.0,0.23,4.75,0.0,8.8,12.9,20170700000000.0,20170700000000.0,20170700000000.0,4.6,20170700000000.0,20170700000000.0,0.0,20170700000000.0
101,52.4,5052,5052,9.3,8.6,301,9.3,8.2,9.1,14.14,57.6,57.5,57.5,14.13,6.5,14.13,-0.1,301,46.9,14.18,57.0,6.0,301,0,46.7,46.7,46.7,301,37.8,38.6,14.16,5.4,0.1,12.9,12.9,12.9,0.26,4.84,0.0,8.5,12.9,20170700000000.0,20170700000000.0,20170700000000.0,5.4,,20170700000000.0,0.0,20170700000000.0
101,52.7,5068,5068,8.9,8.4,301,8.9,7.6,8.8,14.14,57.5,57.4,57.4,14.13,6.7,14.13,-0.1,301,46.9,14.18,56.9,5.9,301,0,46.8,46.9,46.8,301,37.8,38.6,14.16,5.1,0.1,12.9,12.9,12.9,0.01,4.84,0.0,8.6,12.9,20170700000000.0,20170700000000.0,20170700000000.0,5.2,20170700000000.0,20170700000000.0,0.0,20170700000000.0
54,53.4,5832,5859,8.8,8.4,301,8.8,8.0,8.4,14.14,54.1,54.1,54.1,14.13,7.3,14.13,-0.1,301,46.2,14.18,53.5,6.2,301,11,46.0,46.1,46.1,301,38.7,39.5,14.15,5.5,0.1,13.1,13.0,13.1,0.03,4.73,-0.1,8.8,13.0,20170700000000.0,20170700000000.0,20170700000000.0,5.6,20170700000000.0,20170700000000.0,0.0,20170700000000.0
101,52.1,5060,5060,9.0,8.4,301,9.0,7.9,8.9,14.14,57.4,57.4,57.4,14.13,7.4,14.13,-0.1,301,46.9,14.18,56.9,6.0,301,0,46.7,46.8,46.8,301,37.8,38.6,14.16,5.3,0.1,12.9,12.9,12.9,0.05,4.95,0.0,8.3,12.9,20170700000000.0,20170700000000.0,20170700000000.0,6.1,20170700000000.0,20170700000000.0,0.0,20170700000000.0
54,50.6,5824,5851,8.3,8.0,301,8.3,7.7,8.1,14.14,54.1,54.1,54.1,14.13,7.0,14.13,-0.1,301,46.3,14.18,53.4,6.2,301,11,46.1,46.1,46.1,301,38.7,39.5,14.15,5.4,0.1,13.1,13.0,13.1,0.0,4.95,-0.1,8.7,13.0,20170700000000.0,20170700000000.0,20170700000000.0,5.6,20170700000000.0,20170700000000.0,-0.1,
198,54.8,14352,14352,10.0,9.5,300,10.0,8.9,10.1,14.07,58.3,58.3,58.3,14.06,6.4,14.06,0.0,301,48.8,14.11,57.6,5.3,301,1,48.5,48.5,48.5,301,37.8,38.6,14.11,4.3,0.2,12.9,12.9,12.9,0.03,4.87,0.0,8.4,12.9,20170700000000.0,20170700000000.0,20170700000000.0,4.8,20170700000000.0,20170700000000.0,0.0,20170700000000.0
54,51.8,5827,5854,8.2,7.8,301,8.2,7.4,8.1,14.14,54.0,53.9,53.9,14.13,7.2,14.14,-0.1,301,46.2,14.18,53.4,6.2,301,11,46.1,46.1,46.2,301,38.7,39.5,14.15,5.5,0.1,13.1,13.1,13.1,0.03,4.92,-0.1,8.7,13.0,20170700000000.0,20170700000000.0,,5.5,20170700000000.0,20170700000000.0,0.0,20170700000000.0
198,54.5,15342,15342,9.6,9.4,300,9.5,9.0,9.7,14.07,58.1,58.1,58.1,14.06,6.2,14.06,0.0,300,48.8,14.11,57.3,5.3,300,1,48.6,48.6,48.6,300,37.8,38.6,14.11,4.6,0.2,12.9,12.9,12.9,0.04,4.85,0.0,8.4,12.9,20170700000000.0,20170700000000.0,20170700000000.0,4.7,20170700000000.0,20170700000000.0,0.0,20170700000000.0
198,56.3,15334,15334,9.5,9.2,300,9.4,8.7,9.0,14.07,58.1,58.1,58.1,14.06,6.0,14.06,0.0,300,48.6,14.11,58.0,5.1,300,1,48.5,48.6,48.6,300,37.8,38.6,14.11,4.3,0.2,12.9,12.9,12.9,0.02,4.81,0.0,8.7,12.9,20170700000000.0,20170700000000.0,,4.4,20170700000000.0,20170700000000.0,0.0,20170700000000.0
101,50.4,6033,6033,8.5,8.0,301,7.9,7.1,8.1,14.14,57.5,57.5,57.5,14.13,6.6,14.13,0.0,301,46.8,14.18,57.2,5.9,301,0,46.7,46.7,46.7,301,37.8,38.6,14.16,5.2,0.1,12.9,12.9,12.9,0.01,5.14,0.0,8.8,12.9,20170700000000.0,20170700000000.0,,5.3,20170700000000.0,20170700000000.0,0.0,
198,54.9,15338,15338,9.8,9.5,300,9.8,9.2,9.7,14.07,58.3,58.4,58.3,14.06,6.2,14.06,0.0,300,48.8,14.11,57.4,5.3,301,1,48.5,48.5,48.6,300,37.8,38.6,14.11,4.5,0.2,12.9,12.9,12.9,0.03,4.84,0.0,8.6,12.9,20170700000000.0,20170700000000.0,20170700000000.0,4.5,20170700000000.0,20170700000000.0,0.0,20170700000000.0
101,52.1,6037,6037,9.0,8.5,301,9.0,8.0,9.0,14.14,57.3,57.3,57.3,14.13,6.8,14.13,-0.1,301,47.0,14.18,56.9,6.0,301,0,46.9,46.9,46.9,301,37.8,38.6,14.16,5.1,0.1,12.9,12.9,12.9,0.03,4.98,0.0,8.7,12.9,20170700000000.0,20170700000000.0,20170700000000.0,5.7,20170700000000.0,20170700000000.0,0.0,20170700000000.0
198,55.7,15340,15340,10.3,9.5,300,9.6,8.8,9.3,14.07,58.2,58.2,58.2,14.06,6.0,14.06,0.0,301,48.8,14.11,57.4,5.3,300,1,48.6,48.6,48.6,300,37.8,38.6,14.11,4.6,0.2,12.9,12.9,12.9,0.03,4.65,0.0,8.7,12.9,20170700000000.0,20170700000000.0,20170700000000.0,5.1,20170700000000.0,20170700000000.0,0.0,20170700000000.0
101,51.7,6039,6039,8.9,8.5,301,8.4,8.2,8.8,14.14,57.4,57.3,57.3,14.13,6.7,14.13,-0.1,301,47.0,14.18,56.9,6.0,301,0,46.8,46.8,46.9,301,37.8,38.6,14.16,5.3,0.1,12.9,12.9,12.9,0.03,4.96,0.0,8.9,12.9,20170700000000.0,20170700000000.0,,6.0,20170700000000.0,20170700000000.0,0.0,20170700000000.0
54,52.3,6741,6768,8.1,7.9,301,8.0,7.4,8.3,14.14,54.0,54.0,54.0,14.13,7.2,14.14,-0.1,301,46.0,14.18,53.6,6.2,301,11,46.0,46.0,46.0,301,38.7,39.5,14.15,5.4,0.1,13.1,13.0,13.1,0.02,4.85,-0.1,8.6,13.0,20170700000000.0,20170700000000.0,20170700000000.0,5.4,20170700000000.0,20170700000000.0,-0.1,20170700000000.0
198,57.7,14360,14360,9.8,9.6,300,9.8,9.2,9.8,14.07,58.4,58.4,58.4,14.06,5.9,14.06,0.0,300,48.7,14.11,57.6,5.3,300,1,48.5,48.5,48.5,300,37.8,38.6,14.11,4.4,0.2,12.9,12.9,12.9,0.21,4.67,0.0,9.4,12.9,20170700000000.0,20170700000000.0,20170700000000.0,5.1,20170700000000.0,20170700000000.0,0.0,20170700000000.0
101,52.9,5069,5069,9.1,8.6,301,8.5,8.0,9.0,14.14,57.5,57.4,57.5,14.13,6.6,14.13,-0.1,301,46.9,14.18,56.9,6.0,301,0,46.8,46.8,46.8,301,37.8,38.6,14.16,5.0,0.1,12.9,12.9,12.9,0.27,4.81,0.0,8.6,12.9,20170700000000.0,20170700000000.0,20170700000000.0,6.2,20170700000000.0,20170700000000.0,0.0,20170700000000.0
54,51.5,5751,5778,8.7,8.4,301,8.7,7.8,8.7,14.14,53.9,53.9,53.9,14.13,7.0,14.13,-0.1,301,46.3,14.18,53.4,6.2,301,11,46.2,46.2,46.2,301,38.7,39.5,14.15,5.3,0.1,13.1,13.1,13.1,0.01,4.73,0.0,8.6,13.1,20170700000000.0,20170700000000.0,,5.4,20170700000000.0,20170700000000.0,0.0,20170700000000.0
54,50.2,5743,5770,8.0,7.8,301,7.9,7.4,8.4,14.14,54.2,54.2,54.2,14.14,7.0,14.13,-0.1,301,46.3,14.18,53.5,6.2,301,11,46.2,46.2,46.2,301,38.7,39.5,14.15,5.3,0.1,13.1,13.1,13.1,0.0,5.01,-0.1,8.5,13.1,20170700000000.0,20170700000000.0,20170700000000.0,5.5,20170700000000.0,20170700000000.0,-0.1,20170700000000.0
198,55.1,14156,14156,10.2,9.6,300,10.2,8.7,9.9,14.07,58.5,58.5,58.5,14.06,6.3,14.06,0.0,300,48.7,14.11,57.8,5.2,300,1,48.5,48.5,48.6,300,37.8,38.6,14.11,4.3,0.2,12.9,12.9,12.9,0.0,4.81,0.0,8.7,12.9,20170700000000.0,20170700000000.0,20170700000000.0,4.6,20170700000000.0,20170700000000.0,0.0,20170700000000.0
198,57.5,14159,14159,10.2,9.5,300,9.8,9.0,9.5,14.07,58.6,58.6,58.6,14.06,6.1,14.06,0.0,300,48.7,14.12,57.7,5.3,301,1,48.5,48.5,48.5,301,37.8,38.6,14.11,4.7,0.2,12.9,12.9,12.9,0.0,4.7,0.0,8.5,12.9,20170700000000.0,20170700000000.0,20170700000000.0,4.7,20170700000000.0,20170700000000.0,0.0,20170700000000.0
101,51.5,5085,5085,9.0,8.6,301,9.0,7.9,8.7,14.14,57.5,57.5,57.4,14.13,6.7,14.13,0.0,301,46.9,14.18,56.9,6.1,301,0,46.7,46.8,46.7,301,37.8,38.6,14.16,5.3,0.1,12.9,12.9,12.9,0.37,5.01,0.0,8.6,12.9,20170700000000.0,20170700000000.0,,6.1,20170700000000.0,20170700000000.0,0.0,20170700000000.0
54,50.9,5849,5876,8.2,8.1,301,8.2,7.6,7.9,14.14,54.1,54.0,54.0,14.13,6.9,14.14,-0.1,301,46.2,14.18,53.4,6.2,301,11,46.1,46.1,46.1,301,38.7,39.5,14.15,5.5,0.1,13.1,13.1,13.1,0.35,4.93,-0.1,8.9,13.1,20170700000000.0,20170700000000.0,20170700000000.0,5.6,20170700000000.0,20170700000000.0,0.0,20170700000000.0
101,50.9,5077,5077,8.4,8.2,301,8.2,7.5,8.3,14.14,57.6,57.5,57.6,14.13,6.6,14.13,0.0,301,46.8,14.18,57.3,5.9,301,0,46.7,46.7,46.7,301,37.8,38.6,14.16,5.2,0.1,12.9,12.9,12.9,0.35,5.1,0.0,8.6,12.9,20170700000000.0,20170700000000.0,,5.6,20170700000000.0,,0.0,20170700000000.0
54,50.6,5841,5868,8.2,7.9,301,8.2,7.5,8.3,14.14,53.9,53.9,53.9,14.13,7.1,14.14,-0.1,301,45.9,14.19,53.6,6.3,301,11,45.9,45.9,45.9,301,38.7,39.5,14.15,5.5,0.1,13.1,13.1,13.1,0.39,4.94,-0.1,8.9,13.1,20170700000000.0,20170700000000.0,20170700000000.0,5.5,20170700000000.0,20170700000000.0,-0.1,20170700000000.0
198,54.0,14372,14372,9.8,9.5,300,9.8,8.9,10.0,14.07,58.3,58.3,58.3,14.06,5.9,14.06,0.0,300,48.7,14.11,57.6,5.3,300,1,48.5,48.6,48.5,300,37.8,38.6,14.11,4.5,0.2,12.9,12.9,12.9,0.34,4.96,0.0,9.0,12.9,20170700000000.0,20170700000000.0,20170700000000.0,4.4,20170700000000.0,20170700000000.0,0.0,20170700000000.0
198,54.6,14385,14385,10.1,9.5,300,10.1,9.1,9.8,14.07,58.3,58.3,58.2,14.06,5.9,14.06,0.0,300,48.7,14.11,57.5,5.3,301,1,48.5,48.5,48.5,301,37.8,38.6,14.11,4.6,0.2,12.9,12.9,12.9,0.36,4.83,0.0,9.6,12.9,20170700000000.0,20170700000000.0,20170700000000.0,5.1,20170700000000.0,20170700000000.0,0.0,20170700000000.0
101,52.3,5094,5094,9.2,8.6,301,9.2,8.2,8.8,14.14,57.4,57.4,57.3,14.13,6.7,14.13,-0.1,301,46.9,14.18,56.9,6.0,301,0,46.7,46.7,46.8,301,37.8,38.6,14.16,5.2,0.1,12.9,12.9,12.9,0.35,4.91,0.0,9.8,12.9,20170700000000.0,20170700000000.0,20170700000000.0,5.7,20170700000000.0,20170700000000.0,0.0,20170700000000.0
101,53.6,1374,1374,8.8,8.6,301,8.8,8.4,9.0,14.09,57.6,57.6,57.6,14.08,6.6,14.08,0.0,301,46.9,14.13,57.1,6.0,301,0,46.7,46.7,46.8,301,37.1,37.9,14.09,5.2,0.1,12.9,12.9,12.9,0.01,4.74,0.0,9.6,12.9,20170600000000.0,20170600000000.0,20170600000000.0,6.1,,20170600000000.0,0.0,20170600000000.0
101,51.5,1366,1366,8.5,8.1,301,8.5,7.5,8.5,14.09,57.7,57.7,57.7,14.08,6.6,14.08,-0.1,301,47.0,14.13,57.1,6.0,301,0,46.7,46.7,46.7,301,37.1,37.9,14.09,5.4,0.1,12.9,12.9,12.9,0.02,5.03,0.0,9.2,12.9,20170600000000.0,20170600000000.0,20170600000000.0,5.5,20170600000000.0,20170600000000.0,0.0,20170600000000.0
112,54.7,2149,2149,6.9,6.5,301,6.9,5.9,7.1,13.97,54.6,54.3,54.6,13.96,7.5,14.02,0.0,301,43.9,14.02,54.2,7.0,301,5,43.8,43.9,43.9,301,36.3,37.1,13.99,6.4,0.0,13.0,13.0,13.0,0.01,4.36,0.0,8.8,13.0,20170600000000.0,20170600000000.0,20170600000000.0,6.6,20170600000000.0,20170600000000.0,0.0,20170600000000.0
109,50.8,5315,5315,8.1,7.6,301,8.1,7.2,8.2,14.11,54.9,54.9,54.8,14.13,6.4,14.13,-0.1,301,44.5,14.13,54.3,5.7,301,6,44.3,44.3,44.3,301,37.1,37.9,14.11,4.9,0.0,12.9,12.9,12.9,0.01,4.73,0.0,9.5,12.9,20170600000000.0,20170600000000.0,20170600000000.0,5.1,20170600000000.0,20170600000000.0,0.0,20170600000000.0
112,54.4,2185,2185,6.9,6.4,301,6.9,5.9,6.5,13.95,54.4,54.4,54.3,13.96,7.5,13.96,0.0,302,43.8,14.02,54.3,6.8,301,5,43.8,43.9,43.9,301,36.3,37.1,13.99,6.4,0.0,13.0,13.0,13.0,0.01,4.44,0.0,9.3,13.0,20170600000000.0,20170600000000.0,20170600000000.0,6.4,20170600000000.0,20170600000000.0,0.0,20170600000000.0
109,49.7,5350,5350,7.4,7.0,301,7.4,6.7,7.3,14.11,55.0,55.0,55.0,14.08,6.7,14.12,-0.1,301,44.4,14.13,55.0,5.9,301,6,44.3,44.4,44.4,301,37.1,37.9,14.11,4.9,0.1,12.9,12.9,12.9,0.01,4.93,0.0,9.5,12.9,20170600000000.0,20170600000000.0,,5.4,20170600000000.0,20170600000000.0,0.0,20170600000000.0
101,51.6,1401,1401,8.6,8.0,301,8.6,7.4,8.4,14.09,57.9,57.9,57.9,14.08,6.7,14.08,0.0,301,46.8,14.12,57.6,6.2,301,0,46.7,46.7,46.7,301,37.1,37.9,14.09,5.4,0.1,12.9,12.9,12.9,0.0,5.04,0.0,9.0,12.9,20170600000000.0,20170600000000.0,20170600000000.0,5.6,20170600000000.0,20170600000000.0,0.0,20170600000000.0
109,51.4,5353,5353,7.8,7.3,301,7.6,6.8,7.8,14.11,54.8,54.7,54.8,14.08,6.8,14.11,0.0,301,44.6,14.12,54.2,5.7,301,6,44.4,44.4,44.4,301,37.1,37.9,14.11,4.8,0.0,12.9,12.9,12.9,0.02,4.88,0.0,9.5,12.9,20170600000000.0,20170600000000.0,20170600000000.0,5.5,20170600000000.0,20170600000000.0,0.0,
101,52.8,1404,1404,8.3,8.0,301,7.9,7.7,8.5,14.09,57.6,57.6,57.6,14.08,6.4,14.08,0.0,301,46.9,14.12,57.1,5.9,301,0,46.7,46.8,46.7,301,37.1,37.9,14.09,5.3,0.1,12.9,12.9,12.9,0.02,4.82,0.0,8.9,12.9,20170600000000.0,20170600000000.0,,5.4,20170600000000.0,20170600000000.0,0.0,20170600000000.0
109,51.0,5354,5354,7.6,7.4,301,7.6,6.8,7.9,14.12,55.0,55.0,55.0,14.11,7.3,14.08,0.0,301,44.6,14.16,54.2,5.8,301,6,44.3,44.4,44.3,301,37.1,37.9,14.11,4.7,0.0,12.9,12.9,12.9,0.02,4.97,0.0,9.5,12.9,20170600000000.0,20170600000000.0,20170600000000.0,5.2,20170600000000.0,20170600000000.0,0.0,20170600000000.0
112,54.0,1875,1875,7.4,7.0,301,7.3,6.4,7.7,13.97,54.4,54.4,54.4,13.97,7.8,13.96,0.0,301,43.6,14.02,54.0,7.1,301,5,43.5,43.6,43.6,301,36.3,37.1,13.99,6.5,0.0,13.0,13.0,13.0,0.01,4.34,0.0,9.5,13.0,20170500000000.0,20170500000000.0,20170500000000.0,6.6,20170500000000.0,20170500000000.0,0.0,20170500000000.0
48,51.8,1215,1242,8.2,7.8,301,8.1,7.2,8.0,14.1,54.5,54.4,54.4,14.09,6.8,14.09,-0.1,301,46.2,14.13,53.8,6.1,301,11,46.1,46.1,46.1,301,38.7,39.5,14.12,5.4,0.1,13.1,13.1,13.1,0.02,4.96,-0.1,9.5,13.1,20170500000000.0,20170500000000.0,20170500000000.0,5.3,20170500000000.0,20170500000000.0,0.0,20170500000000.0
112,53.2,1867,1867,7.9,7.4,301,7.9,6.5,7.7,13.98,54.4,54.4,54.4,13.96,7.5,13.97,0.0,301,44.0,14.07,53.9,6.9,301,5,43.8,43.8,43.8,301,36.3,37.1,13.99,6.3,0.0,13.0,13.0,13.0,0.02,4.58,0.0,9.6,13.0,20170500000000.0,20170500000000.0,,6.5,20170500000000.0,20170500000000.0,0.0,20170500000000.0
48,53.0,1207,1234,8.4,8.2,301,8.4,8.0,8.2,14.11,54.4,54.3,54.3,14.09,6.9,14.09,-0.1,301,46.1,14.13,54.1,6.1,301,11,46.0,46.1,46.0,301,38.7,39.5,14.12,5.3,0.1,13.1,13.1,13.1,0.02,4.77,-0.1,9.8,13.0,20170500000000.0,20170500000000.0,20170500000000.0,5.6,20170500000000.0,20170500000000.0,-0.1,20170500000000.0
109,49.5,5023,5023,8.0,7.6,301,8.0,6.8,7.9,14.11,54.9,54.8,54.8,14.12,6.8,14.12,0.0,301,44.6,14.13,54.2,5.8,301,6,44.4,44.4,44.4,301,37.1,37.9,14.11,5.2,0.0,12.9,12.9,12.9,0.01,4.97,0.0,9.1,12.9,20170500000000.0,20170500000000.0,,5.1,20170500000000.0,20170500000000.0,0.0,20170500000000.0
112,54.1,1871,1871,6.9,6.5,301,6.9,5.9,6.9,13.94,54.3,54.2,54.2,13.96,7.6,13.91,0.0,301,43.8,13.97,54.2,7.0,301,5,43.8,43.8,43.8,301,36.3,37.1,13.99,6.4,0.0,13.0,13.0,13.0,0.01,4.39,0.0,9.3,13.0,20170500000000.0,20170500000000.0,20170500000000.0,6.6,,20170500000000.0,0.0,20170500000000.0
48,51.7,1211,1238,8.2,7.7,301,8.2,7.1,7.7,14.11,54.4,54.4,54.3,14.09,6.8,14.09,-0.1,301,46.1,14.13,54.3,6.0,301,11,46.0,46.1,46.1,301,38.7,39.5,14.12,5.3,0.1,13.1,13.1,13.1,0.02,4.97,-0.1,9.4,13.0,20170500000000.0,20170500000000.0,20170500000000.0,5.4,20170500000000.0,20170500000000.0,0.0,20170500000000.0
109,49.1,5027,5027,7.6,7.0,301,7.6,6.7,7.1,14.11,54.9,54.8,54.8,14.08,6.7,14.12,0.0,301,44.3,14.12,54.8,5.8,301,6,44.2,44.2,44.3,301,37.1,37.9,14.11,5.0,0.0,12.9,12.9,12.9,0.01,4.98,0.0,8.9,12.9,20170500000000.0,20170500000000.0,20170500000000.0,5.3,20170500000000.0,20170500000000.0,0.0,20170500000000.0
109,50.5,5030,5030,7.7,7.5,301,7.7,7.2,7.7,14.09,55.0,55.0,55.0,14.08,7.1,14.12,-0.1,301,44.5,14.12,54.2,6.0,301,6,44.2,44.2,44.2,301,37.1,37.9,14.11,5.2,0.1,12.9,12.9,12.9,0.02,4.98,0.0,9.0,12.9,20170500000000.0,20170500000000.0,20170500000000.0,5.3,20170500000000.0,20170500000000.0,0.0,20170500000000.0
48,52.4,1301,1328,8.5,8.1,301,8.5,7.8,8.5,14.11,54.5,54.4,54.4,14.09,7.1,14.09,-0.1,301,46.1,14.14,54.1,6.2,301,11,46.0,46.1,46.0,301,38.7,39.5,14.12,5.5,0.1,13.1,13.1,13.1,0.01,4.77,-0.1,9.1,13.1,20170600000000.0,20170600000000.0,20170600000000.0,5.6,20170600000000.0,20170600000000.0,-0.1,20170600000000.0
101,53.3,1258,1258,9.4,8.9,301,8.9,8.5,9.1,14.09,57.6,57.6,57.6,14.08,7.0,14.08,0.0,301,46.9,14.13,57.1,6.1,301,0,46.8,46.8,46.8,301,37.1,37.9,14.09,5.2,0.1,12.9,12.9,12.9,0.02,4.79,0.0,9.3,12.9,20170600000000.0,20170600000000.0,20170600000000.0,5.3,20170600000000.0,20170600000000.0,0.0,20170600000000.0
109,50.3,5111,5111,8.2,7.6,301,7.7,7.2,7.6,14.11,55.0,55.0,54.9,14.08,6.7,14.12,-0.1,301,44.6,14.18,54.2,5.7,301,6,44.3,44.3,44.3,301,37.1,37.9,14.11,5.0,0.0,12.9,12.9,12.9,0.02,4.8,0.0,9.1,12.9,20170600000000.0,20170600000000.0,20170600000000.0,5.1,20170600000000.0,20170600000000.0,0.0,
101,53.3,1250,1250,8.4,8.2,301,8.4,7.9,8.4,14.09,57.6,57.6,57.6,14.08,6.7,14.08,0.0,301,46.9,14.13,57.1,6.1,301,0,46.8,46.8,46.8,301,37.1,37.9,14.09,5.5,0.1,12.9,12.9,12.9,0.01,4.77,0.0,9.4,12.9,20170600000000.0,20170600000000.0,20170600000000.0,5.4,20170600000000.0,20170600000000.0,0.0,
112,54.8,1955,1955,7.2,6.7,301,7.2,6.4,7.2,13.97,54.3,54.3,54.3,13.96,7.6,13.97,0.0,301,43.9,14.02,54.2,7.0,301,5,43.8,43.9,43.9,301,36.3,37.1,13.99,6.3,0.1,13.0,13.0,13.0,0.0,4.32,0.0,8.7,13.0,20170600000000.0,20170600000000.0,20170600000000.0,6.9,,20170600000000.0,0.0,20170600000000.0
109,51.7,5115,5115,8.7,8.0,301,8.7,7.6,8.2,14.11,54.9,54.8,54.8,14.12,6.7,14.12,-0.1,301,44.6,14.17,54.2,5.8,301,6,44.3,44.4,44.4,301,37.1,37.9,14.11,4.9,0.0,12.9,12.9,12.9,0.01,4.8,0.0,9.3,12.9,20170600000000.0,20170600000000.0,,5.4,20170600000000.0,20170600000000.0,0.0,20170600000000.0
101,53.4,1254,1254,9.1,8.6,301,9.1,8.1,9.4,14.09,57.6,57.6,57.6,14.08,7.1,14.08,0.0,301,46.9,14.13,57.1,6.0,301,0,46.8,46.9,46.9,301,37.1,37.9,14.09,5.4,0.1,12.9,12.9,12.9,0.01,4.79,0.0,9.5,12.9,20170600000000.0,20170600000000.0,20170600000000.0,5.9,20170600000000.0,20170600000000.0,0.0,20170600000000.0
112,54.0,1959,1959,7.8,7.4,301,7.6,6.8,7.9,13.96,54.3,54.3,54.2,13.97,7.5,13.96,0.0,301,43.6,13.97,54.0,7.0,301,5,43.6,43.6,43.6,301,36.3,37.1,13.99,6.5,0.0,13.0,13.0,13.0,0.01,4.43,0.0,8.8,13.0,20170600000000.0,20170600000000.0,,7.4,20170600000000.0,20170600000000.0,0.0,20170600000000.0
101,53.3,1257,1257,9.2,8.9,301,9.2,8.2,9.3,14.09,57.6,57.6,57.6,14.08,7.2,14.08,0.0,301,46.9,14.12,57.1,6.1,301,0,46.7,46.8,46.8,301,37.1,37.9,14.09,5.3,0.1,12.9,12.9,12.9,0.01,4.77,0.0,9.2,12.9,20170600000000.0,20170600000000.0,20170600000000.0,5.7,20170600000000.0,20170600000000.0,0.0,20170600000000.0
109,50.5,5244,5244,8.1,7.5,301,7.8,7.0,7.2,14.12,54.8,54.8,54.8,14.08,6.5,14.12,0.0,301,44.6,14.17,54.2,5.8,301,6,44.4,44.4,44.4,301,37.1,37.9,14.11,4.8,0.0,12.9,12.9,12.9,0.0,5.01,0.0,9.6,12.9,20170600000000.0,20170600000000.0,20170600000000.0,5.1,20170600000000.0,20170600000000.0,0.0,20170600000000.0
109,51.7,5236,5236,7.8,7.4,301,7.7,6.9,7.8,14.12,54.9,54.8,54.8,14.12,6.8,14.08,0.0,301,44.6,14.17,54.2,5.8,301,6,44.3,44.4,44.5,301,37.1,37.9,14.11,4.8,0.0,12.9,12.8,12.9,0.01,4.76,0.0,9.4,12.9,20170600000000.0,20170600000000.0,20170600000000.0,5.3,20170600000000.0,20170600000000.0,0.0,20170600000000.0
48,52.2,1425,1452,7.7,7.4,301,7.7,7.1,7.9,14.11,54.4,54.4,54.4,14.09,6.6,14.09,-0.1,301,46.1,14.13,54.3,5.9,301,11,46.0,46.1,46.1,301,38.7,39.5,14.12,5.2,0.1,13.1,13.1,13.1,0.02,4.88,-0.1,8.7,13.0,20170600000000.0,20170600000000.0,20170600000000.0,5.0,20170600000000.0,20170600000000.0,0.0,20170600000000.0
112,53.9,2081,2081,7.1,6.9,301,7.1,6.4,7.2,13.96,54.3,54.3,54.3,13.96,7.8,13.96,0.0,301,43.6,13.97,54.1,7.1,301,5,43.5,43.6,43.6,301,36.3,37.1,13.99,6.6,0.0,13.0,13.0,13.0,0.0,4.45,0.0,8.8,13.0,20170600000000.0,20170600000000.0,20170600000000.0,6.8,20170600000000.0,20170600000000.0,0.0,20170600000000.0
48,53.2,1432,1459,8.4,8.2,301,8.4,7.7,8.4,14.11,54.4,54.4,54.4,14.09,7.0,14.09,-0.1,301,46.2,14.18,53.8,6.2,301,11,46.0,46.1,46.1,301,38.7,39.5,14.12,5.4,0.1,13.0,13.1,13.1,0.0,4.74,-0.1,9.4,13.1,20170600000000.0,20170600000000.0,20170600000000.0,5.6,20170600000000.0,20170600000000.0,-0.1,
48,50.5,1079,1106,8.4,8.0,301,8.4,7.7,8.3,14.11,54.4,54.3,54.3,14.13,6.8,14.09,-0.1,301,46.0,14.13,54.1,6.2,301,11,46.0,46.0,46.0,301,38.7,39.5,14.12,5.3,0.1,13.1,13.1,13.1,0.02,4.99,-0.1,9.4,13.1,20170500000000.0,20170500000000.0,,5.4,20170500000000.0,20170500000000.0,-0.1,20170500000000.0
109,50.0,4899,4899,8.2,7.5,301,8.2,7.2,7.4,14.1,54.9,54.8,54.9,14.11,7.1,14.13,-0.1,301,44.5,14.13,54.2,6.1,301,6,44.3,44.3,44.4,301,37.1,37.9,14.11,4.9,0.1,12.9,12.9,12.9,0.03,4.9,0.0,8.9,12.9,20170500000000.0,20170500000000.0,20170500000000.0,5.5,20170500000000.0,20170500000000.0,0.0,20170500000000.0
112,53.6,1741,1741,7.0,6.5,301,7.0,5.8,7.1,13.98,54.2,54.2,54.2,13.96,7.5,13.96,0.0,301,43.8,14.02,54.1,6.9,301,5,43.8,43.8,43.8,301,36.3,37.1,13.99,6.3,0.0,13.0,13.0,13.0,0.01,4.38,0.0,9.5,13.0,20170500000000.0,20170500000000.0,20170500000000.0,6.6,20170500000000.0,20170500000000.0,0.0,20170500000000.0
112,53.0,1810,1810,6.9,6.3,301,6.9,5.8,6.8,13.98,54.5,54.5,54.5,13.97,7.4,13.96,0.0,301,43.8,14.02,54.4,6.7,301,5,43.8,43.9,43.8,301,36.3,37.1,13.99,6.0,0.0,13.0,13.0,13.0,0.02,4.6,0.0,9.6,13.0,20170500000000.0,20170500000000.0,20170500000000.0,6.3,20170500000000.0,20170500000000.0,0.0,20170500000000.0
48,52.3,1149,1176,8.0,7.6,301,8.0,7.1,8.2,14.11,54.6,54.6,54.6,14.13,7.0,14.13,-0.1,301,46.2,14.14,54.6,6.3,301,11,46.2,46.2,46.2,301,38.7,39.5,14.12,5.5,0.1,13.1,13.1,13.1,0.0,4.9,-0.1,9.7,13.0,20170500000000.0,20170500000000.0,20170500000000.0,5.4,20170500000000.0,20170500000000.0,-0.1,20170500000000.0
109,50.4,4968,4968,7.5,7.2,301,7.5,6.7,7.4,14.1,55.3,55.2,55.2,14.08,6.6,14.08,-0.1,301,44.3,14.13,55.1,5.8,301,6,44.2,44.3,44.2,301,37.1,37.9,14.11,5.0,0.0,12.9,12.9,12.9,0.03,5.04,0.0,9.2,12.9,20170500000000.0,20170500000000.0,20170500000000.0,5.6,20170500000000.0,20170500000000.0,0.0,20170500000000.0
48,52.8,1153,1180,8.1,7.7,301,8.1,7.5,8.0,14.11,54.6,54.5,54.5,14.09,6.9,14.09,-0.1,301,46.1,14.13,54.2,6.1,301,11,46.0,46.1,46.1,301,38.7,39.5,14.12,5.4,0.1,13.0,13.1,13.1,0.02,4.82,-0.1,,13.0,20170500000000.0,20170500000000.0,20170500000000.0,5.5,20170500000000.0,20170500000000.0,-0.1,20170500000000.0
109,51.8,4973,4973,8.1,7.9,301,8.1,7.3,8.1,14.11,54.9,54.9,54.9,14.12,6.6,14.12,-0.1,301,44.5,14.13,54.3,5.8,301,6,44.3,44.4,44.4,301,37.1,37.9,14.11,5.0,0.1,12.9,12.9,12.9,0.02,4.79,0.0,,12.9,20170500000000.0,20170500000000.0,,5.8,,20170500000000.0,0.0,20170500000000.0
112,53.4,1816,1816,7.4,7.0,301,7.4,6.5,7.4,13.94,54.4,54.4,54.4,13.97,7.6,13.96,0.0,301,43.6,13.97,54.2,7.0,301,5,43.6,43.6,43.6,301,36.3,37.1,13.99,6.2,0.0,13.0,13.0,13.0,0.01,4.57,0.0,,13.0,20170500000000.0,20170500000000.0,20170500000000.0,6.6,20170500000000.0,20170500000000.0,0.0,20170500000000.0
112,53.8,1802,1802,7.3,7.0,301,7.3,6.4,7.5,13.97,54.3,54.3,54.3,13.96,7.7,13.96,0.0,301,44.0,14.02,53.7,7.3,301,5,43.8,43.9,43.9,301,36.3,37.1,13.99,6.7,0.0,13.0,13.0,13.0,0.02,4.41,0.0,8.8,13.0,20170500000000.0,20170500000000.0,20170500000000.0,7.2,20170500000000.0,20170500000000.0,0.0,20170500000000.0
48,52.9,1141,1168,8.7,8.5,301,8.6,7.9,8.5,14.11,54.4,54.4,54.4,14.09,6.9,14.09,-0.1,301,46.2,14.13,53.7,6.2,301,11,46.0,46.0,46.0,301,38.7,39.5,14.12,5.4,0.1,13.0,13.1,13.1,0.03,4.8,-0.1,9.4,13.1,20170500000000.0,20170500000000.0,,5.6,20170500000000.0,20170500000000.0,-0.1,20170500000000.0
109,51.0,4961,4961,8.0,7.7,301,8.0,7.3,8.2,14.12,54.7,54.7,54.7,14.12,7.1,14.08,0.0,301,44.6,14.17,54.1,6.1,301,6,44.4,44.5,44.4,301,37.1,37.9,14.11,5.3,0.0,12.9,12.9,12.9,0.02,4.93,0.0,9.5,12.9,20170500000000.0,20170500000000.0,20170500000000.0,5.4,20170500000000.0,20170500000000.0,0.0,20170500000000.0
112,54.5,1803,1803,8.0,7.5,301,8.0,6.9,8.0,13.96,54.2,54.2,54.2,13.96,7.7,13.96,0.0,301,43.6,14.02,54.0,7.0,301,5,43.6,43.6,43.6,301,36.3,37.1,13.99,6.4,0.0,13.0,13.0,13.0,0.02,4.28,0.0,8.8,13.0,20170500000000.0,20170500000000.0,20170500000000.0,6.6,20170500000000.0,20170500000000.0,0.0,20170500000000.0
48,52.5,1142,1169,8.9,8.3,301,8.9,7.9,9.1,14.12,54.3,54.3,54.3,14.13,7.1,14.13,-0.1,301,46.1,14.14,54.0,6.3,301,11,46.0,46.1,46.1,301,38.7,39.5,14.12,5.6,0.1,13.1,13.1,13.1,0.03,4.9,-0.1,9.5,13.0,20170500000000.0,20170500000000.0,,5.7,20170500000000.0,20170500000000.0,-0.1,20170500000000.0
109,50.6,4962,4962,8.5,7.9,301,8.5,7.2,8.1,14.11,54.8,54.7,54.7,14.08,6.5,14.08,0.0,301,44.6,14.18,54.1,5.9,301,6,44.3,44.4,44.4,301,37.1,37.9,14.11,5.0,0.0,12.9,12.9,13.0,0.03,4.91,0.0,9.6,12.9,20170500000000.0,20170500000000.0,,5.0,20170500000000.0,20170500000000.0,0.0,20170500000000.0
112,54.8,1804,1804,6.8,6.5,301,6.6,5.8,6.5,13.96,54.2,54.1,54.1,13.96,7.8,14.02,0.0,301,43.8,13.97,54.1,7.1,301,5,43.8,43.8,43.8,301,36.3,37.1,13.99,6.4,0.0,13.0,13.0,13.0,0.02,4.36,0.0,8.8,13.0,,,,6.2,20170500000000.0,20170500000000.0,0.0,
48,51.3,1143,1170,8.2,7.5,301,8.2,7.1,7.7,14.11,54.4,54.3,54.4,14.09,6.8,14.09,-0.1,301,46.0,14.14,54.3,6.0,302,11,46.0,46.0,46.0,301,38.7,39.5,14.12,5.4,0.1,13.1,13.1,13.1,0.02,5.04,-0.1,9.5,13.0,20170500000000.0,20170500000000.0,20170500000000.0,5.5,20170500000000.0,20170500000000.0,-0.1,20170500000000.0
109,50.2,4963,4963,7.4,7.2,301,7.3,6.9,7.8,14.11,54.9,54.9,54.9,14.08,6.7,14.08,-0.1,301,44.3,14.17,54.8,5.7,301,6,44.2,44.3,44.3,301,37.1,37.9,14.11,4.9,0.0,12.9,12.9,12.9,0.02,4.98,0.0,9.6,12.9,20170500000000.0,20170500000000.0,20170500000000.0,5.0,20170500000000.0,20170500000000.0,0.0,20170500000000.0
112,53.8,1805,1805,6.9,6.7,301,6.9,6.3,6.8,13.97,54.2,54.1,54.2,13.97,7.9,13.96,0.0,301,44.0,14.02,53.7,7.3,301,5,43.8,43.9,43.9,301,36.3,37.1,13.99,6.5,0.0,13.0,13.0,13.0,0.02,4.44,0.0,8.9,13.0,20170500000000.0,20170500000000.0,,6.9,20170500000000.0,20170500000000.0,0.0,
48,51.5,1144,1171,8.1,7.9,301,8.1,7.5,8.1,14.1,54.3,54.3,54.3,14.09,7.2,14.09,-0.1,302,46.2,14.13,53.7,6.2,301,11,46.1,46.2,46.1,301,38.7,39.5,14.12,5.4,0.1,13.1,13.1,13.1,0.02,4.95,-0.1,9.6,13.0,20170500000000.0,20170500000000.0,20170500000000.0,5.6,20170500000000.0,20170500000000.0,0.0,20170500000000.0
109,50.9,4964,4964,7.8,7.4,301,7.6,7.2,7.7,14.11,54.9,54.9,54.8,14.08,6.8,14.12,-0.1,301,44.5,14.16,54.0,5.9,301,6,44.3,44.4,44.3,301,37.1,37.9,14.11,4.9,0.0,12.9,12.9,12.9,0.02,4.94,0.0,9.6,12.9,20170500000000.0,20170500000000.0,20170500000000.0,5.2,20170500000000.0,20170500000000.0,-0.1,20170500000000.0
112,53.6,1806,1806,6.9,6.8,301,6.9,6.5,7.2,13.97,54.2,54.2,54.2,13.96,7.7,13.97,0.0,301,44.0,14.02,53.7,7.2,301,5,43.9,43.9,43.9,301,36.3,37.1,13.99,6.7,0.0,13.0,13.0,13.0,0.01,4.54,0.0,9.0,13.0,,20170500000000.0,20170500000000.0,6.8,20170500000000.0,20170500000000.0,0.0,20170500000000.0
109,51.4,4950,4950,7.9,7.7,301,7.8,7.3,7.9,14.11,55.0,55.0,54.9,14.08,7.0,14.08,-0.1,301,44.5,14.13,54.1,6.0,301,6,44.2,44.3,44.3,301,37.1,37.9,14.11,5.0,0.1,12.9,12.9,12.9,0.03,4.86,0.0,9.2,12.9,20170500000000.0,20170500000000.0,20170500000000.0,5.3,20170500000000.0,20170500000000.0,0.0,20170500000000.0
109,51.5,4942,4942,8.0,7.6,301,7.9,7.3,7.9,14.11,54.7,54.6,54.6,14.08,6.6,14.08,0.0,301,44.5,14.17,54.1,5.8,301,6,44.3,44.3,44.4,301,37.1,37.9,14.11,5.0,0.0,12.9,12.9,12.9,0.02,4.82,0.0,9.4,12.9,20170500000000.0,20170500000000.0,20170500000000.0,5.3,20170500000000.0,20170500000000.0,0.0,20170500000000.0
109,49.2,4943,4943,8.1,7.6,301,8.1,7.2,7.8,14.11,54.7,54.7,54.7,14.13,6.6,14.08,-0.1,301,44.5,14.17,54.1,5.8,301,6,44.3,44.4,44.4,301,37.1,37.9,14.11,4.9,0.0,12.9,12.9,12.9,0.03,4.97,0.0,9.3,12.9,20170500000000.0,20170500000000.0,20170500000000.0,5.1,20170500000000.0,20170500000000.0,0.0,20170500000000.0
109,49.2,4944,4944,7.9,7.6,301,7.6,7.2,7.9,14.12,54.7,54.6,54.6,14.07,6.5,14.13,0.0,301,44.5,14.18,54.1,5.7,301,6,44.3,44.4,44.5,301,37.1,37.9,14.11,4.8,0.0,12.9,12.9,12.9,0.03,4.96,0.0,9.4,12.9,20170500000000.0,20170500000000.0,20170500000000.0,5.3,20170500000000.0,20170500000000.0,0.0,20170500000000.0
109,48.9,4945,4945,7.4,7.2,301,7.2,6.9,7.4,14.11,54.9,54.8,54.8,14.08,6.5,14.08,0.0,301,44.3,14.13,54.8,5.6,301,6,44.2,44.2,44.2,301,37.1,37.9,14.11,4.8,0.0,12.9,12.9,12.9,0.01,5.01,0.0,9.4,12.9,20170500000000.0,20170500000000.0,20170500000000.0,5.3,20170500000000.0,20170500000000.0,0.0,20170500000000.0
109,50.1,4946,4946,7.8,7.3,301,7.1,6.9,7.3,14.11,54.9,54.8,54.8,14.12,6.4,14.13,-0.1,301,44.5,14.17,54.1,5.6,301,6,44.2,44.2,44.2,301,37.1,37.9,14.11,5.0,0.0,12.9,12.9,12.9,0.02,5.01,0.0,9.4,12.9,20170500000000.0,20170500000000.0,,4.8,20170500000000.0,20170500000000.0,0.0,
109,50.7,4947,4947,7.8,7.5,301,7.8,7.2,7.7,14.11,54.9,54.8,54.8,14.08,6.6,14.12,-0.1,301,44.5,14.13,54.1,5.8,301,6,44.2,44.3,44.3,301,37.1,37.9,14.11,5.0,0.0,12.9,12.9,12.9,0.03,4.97,0.0,9.5,12.9,,20170500000000.0,20170500000000.0,5.6,20170500000000.0,20170500000000.0,0.0,20170500000000.0
109,49.7,4948,4948,7.8,7.6,301,7.6,7.5,8.4,14.1,54.9,54.9,54.9,14.08,7.3,14.12,0.0,301,44.5,14.15,54.1,6.2,301,6,44.2,44.3,44.3,301,37.1,37.9,14.11,5.2,0.0,12.9,12.9,12.9,0.02,4.92,0.0,9.5,12.9,20170500000000.0,,20170500000000.0,5.3,20170500000000.0,20170500000000.0,0.0,20170500000000.0
109,50.4,4949,4949,7.9,7.5,301,7.7,7.0,7.9,14.11,54.9,54.9,54.9,14.08,6.6,14.07,0.0,301,44.5,14.17,54.1,5.9,301,6,44.2,44.3,44.3,301,37.1,37.9,14.11,5.0,0.0,12.9,12.9,12.9,0.02,4.82,0.0,9.1,12.9,20170500000000.0,20170500000000.0,,5.4,20170500000000.0,20170500000000.0,0.0,20170500000000.0
48,53.1,1358,1385,8.8,8.1,301,8.8,7.5,8.2,14.11,54.4,54.3,54.4,14.09,7.0,14.14,-0.1,301,46.1,14.18,54.1,6.2,301,11,46.0,46.0,46.1,301,38.7,39.5,14.12,5.4,0.1,13.1,13.1,13.1,0.02,4.76,-0.1,9.6,13.0,20170600000000.0,20170600000000.0,20170600000000.0,5.6,20170600000000.0,20170600000000.0,-0.1,
48,52.0,1350,1377,8.0,7.7,301,7.9,7.3,8.1,14.11,54.4,54.4,54.4,14.09,7.0,14.09,-0.1,301,46.3,14.14,53.8,6.2,301,11,46.1,46.1,46.2,301,38.7,39.5,14.12,5.4,0.1,13.1,13.1,13.1,0.03,4.81,-0.1,9.7,13.0,20170600000000.0,20170600000000.0,20170600000000.0,5.3,20170600000000.0,20170600000000.0,0.0,20170600000000.0
48,53.6,1354,1381,8.2,7.9,301,8.2,7.6,8.6,14.12,54.4,54.4,54.4,14.09,7.2,14.09,-0.1,302,46.3,14.18,53.8,6.4,302,11,46.1,46.1,46.1,301,38.7,39.5,14.12,5.6,0.1,13.1,13.1,13.1,0.02,4.69,-0.1,9.7,13.1,20170600000000.0,20170600000000.0,20170600000000.0,5.5,20170600000000.0,20170600000000.0,-0.1,20170600000000.0
101,53.2,1284,1284,8.7,8.3,301,8.7,7.8,8.4,14.09,57.7,57.7,57.7,14.08,6.3,14.08,-0.1,301,46.9,14.13,57.2,5.8,301,0,46.7,46.7,46.7,301,37.1,37.9,14.09,5.2,0.1,12.9,12.9,12.9,0.01,4.76,0.0,9.4,12.9,20170600000000.0,20170600000000.0,20170600000000.0,5.7,20170600000000.0,20170600000000.0,0.0,20170600000000.0
101,51.5,1336,1336,8.7,8.2,301,8.3,7.7,8.5,14.09,57.7,57.6,57.7,14.08,6.3,14.08,0.0,301,46.9,14.12,57.2,5.8,301,0,46.8,46.8,46.9,301,37.1,37.9,14.09,4.9,0.1,12.9,12.9,12.9,0.01,5.05,0.0,8.7,12.9,20170600000000.0,20170600000000.0,20170600000000.0,5.6,20170600000000.0,,0.0,20170600000000.0
48,51.5,1393,1420,8.5,8.3,301,8.3,7.8,8.7,14.12,54.3,54.3,54.3,14.09,7.1,14.09,-0.1,301,46.3,14.14,53.8,6.3,301,11,46.2,46.2,46.2,301,38.7,39.5,14.12,5.5,0.1,13.0,13.1,13.1,0.01,4.74,-0.1,9.5,13.1,20170600000000.0,20170600000000.0,20170600000000.0,5.6,20170600000000.0,20170600000000.0,-0.1,20170600000000.0
112,54.3,2039,2039,6.7,6.2,301,6.7,5.4,6.7,13.97,54.4,54.4,54.4,13.96,7.8,13.96,0.0,301,43.8,14.02,54.3,7.1,302,5,43.8,43.8,43.8,301,36.3,37.1,13.99,6.4,0.1,13.0,13.0,13.0,0.01,4.44,0.0,9.3,13.0,20170600000000.0,20170600000000.0,20170600000000.0,6.9,20170600000000.0,20170600000000.0,0.0,20170600000000.0
48,52.3,1385,1412,8.0,7.9,301,8.0,7.5,8.3,14.11,54.5,54.4,54.5,14.09,7.2,14.09,-0.1,301,46.2,14.14,54.4,6.3,301,11,46.1,46.2,46.2,301,38.7,39.5,14.12,5.3,0.1,13.1,13.1,13.1,0.0,4.9,-0.1,8.5,13.1,20170600000000.0,20170600000000.0,20170600000000.0,5.8,20170600000000.0,20170600000000.0,-0.1,20170600000000.0
48,51.6,1389,1416,9.7,9.3,301,9.7,8.6,9.7,14.11,54.4,54.4,54.4,14.09,7.3,14.09,-0.1,301,46.3,14.14,53.8,6.5,301,11,46.2,46.2,46.2,301,38.7,39.5,14.12,5.9,0.1,13.1,13.1,13.1,0.02,5.04,-0.1,9.6,13.1,20170600000000.0,20170600000000.0,20170600000000.0,5.7,20170600000000.0,20170600000000.0,-0.1,20170600000000.0
109,50.7,4890,4890,8.1,7.8,301,8.1,7.3,8.1,14.11,54.9,54.8,54.8,14.12,6.6,14.12,0.0,301,44.6,14.13,54.2,5.8,301,6,44.4,44.3,44.4,301,37.1,37.9,14.11,5.1,0.0,12.9,12.9,12.9,0.02,4.75,0.0,8.7,12.9,20170500000000.0,20170500000000.0,,5.1,20170500000000.0,20170500000000.0,0.0,20170500000000.0
48,50.4,1349,1376,8.2,7.9,301,8.2,7.4,8.2,14.11,54.4,54.5,54.4,14.09,7.1,14.09,-0.1,301,46.2,14.3,54.1,6.2,301,11,46.1,46.1,46.1,301,38.7,39.5,14.12,5.5,0.1,13.1,13.1,13.1,0.02,5.16,-0.1,8.4,13.0,,20170600000000.0,,5.3,20170600000000.0,20170600000000.0,-0.1,20170600000000.0
109,49.6,5158,5158,8.1,7.6,301,8.0,7.2,8.1,14.12,54.9,54.8,54.8,14.12,6.9,14.08,0.0,301,44.5,14.17,54.2,6.0,301,6,44.3,44.3,44.3,301,37.1,37.9,14.11,5.0,0.0,12.9,12.9,12.9,0.01,4.92,0.0,8.4,12.9,20170600000000.0,20170600000000.0,20170600000000.0,5.6,20170600000000.0,20170600000000.0,0.0,20170600000000.0
101,52.1,1292,1292,8.7,8.4,301,8.2,7.6,8.8,14.09,57.7,57.6,57.7,14.08,6.6,14.08,-0.1,301,46.9,14.12,57.2,5.9,301,0,46.7,46.7,46.8,301,37.1,37.9,14.09,5.2,0.1,12.9,12.9,12.9,0.01,4.97,0.0,9.5,12.9,20170600000000.0,20170600000000.0,20170600000000.0,6.0,20170600000000.0,20170600000000.0,0.0,20170600000000.0
109,52.5,5162,5162,8.0,7.9,301,8.0,7.6,7.9,14.11,54.8,54.8,54.8,14.12,6.8,14.08,-0.1,301,44.5,14.16,54.2,5.9,301,6,44.3,44.4,44.4,301,37.1,37.9,14.11,5.2,0.0,12.9,12.9,12.9,0.02,4.69,0.0,8.5,12.9,20170600000000.0,20170600000000.0,20170600000000.0,5.6,20170600000000.0,20170600000000.0,0.0,20170600000000.0
101,52.5,1306,1306,8.6,8.3,301,8.6,7.9,8.7,14.09,57.6,57.6,57.6,14.08,7.0,14.08,0.0,301,46.9,14.12,57.1,6.0,301,0,46.8,46.8,46.8,301,37.1,37.9,14.09,5.2,0.1,12.9,12.9,12.9,0.01,4.87,0.0,9.7,12.9,20170600000000.0,20170600000000.0,20170600000000.0,5.5,20170600000000.0,20170600000000.0,0.0,20170600000000.0
48,51.7,1441,1468,8.5,8.2,301,8.5,8.0,8.8,14.11,54.3,54.3,54.3,14.09,7.0,14.09,-0.1,301,46.1,14.13,54.0,6.2,301,11,46.1,46.1,46.1,301,38.7,39.5,14.12,5.6,0.1,13.1,13.1,13.1,0.02,4.95,-0.1,9.2,13.0,20170600000000.0,20170600000000.0,20170600000000.0,5.6,20170600000000.0,20170600000000.0,-0.1,20170600000000.0
48,51.4,1433,1460,8.4,8.1,301,8.4,7.4,8.2,14.11,54.3,54.3,54.3,14.09,7.0,14.09,-0.1,301,46.1,14.14,54.0,6.2,301,11,46.0,46.1,46.1,301,38.7,39.5,14.12,5.4,0.1,13.1,13.1,13.1,0.01,4.98,-0.1,9.3,13.1,20170600000000.0,20170600000000.0,20170600000000.0,5.5,20170600000000.0,20170600000000.0,-0.1,20170600000000.0
112,52.8,2086,2086,6.6,6.3,301,6.4,5.9,6.8,14.01,54.2,54.2,54.2,14.02,7.5,13.96,0.0,301,43.8,14.02,54.1,7.0,301,5,43.8,43.8,43.8,301,36.3,37.1,13.99,6.4,0.0,13.0,13.0,13.0,0.01,4.53,0.0,8.8,13.0,20170600000000.0,20170600000000.0,20170600000000.0,6.8,20170600000000.0,20170600000000.0,0.0,20170600000000.0
112,54.2,2090,2090,7.5,6.9,301,6.9,6.4,7.3,13.99,54.3,54.2,54.2,13.97,7.8,13.96,0.0,301,43.5,14.02,54.0,7.1,301,5,43.5,43.6,43.5,301,36.3,37.1,13.99,6.6,0.1,13.0,13.0,13.0,0.01,4.38,0.0,8.9,13.0,20170600000000.0,20170600000000.0,,6.9,20170600000000.0,20170600000000.0,0.0,
112,54.5,2093,2093,7.1,6.9,301,7.0,6.6,7.1,13.99,54.3,54.2,54.3,13.96,7.8,13.96,0.0,301,43.6,14.07,54.0,7.2,301,5,43.5,43.6,43.6,301,36.3,37.1,13.99,6.6,0.1,13.0,13.0,13.0,0.01,4.33,0.0,8.5,13.0,20170600000000.0,20170600000000.0,,7.3,20170600000000.0,20170600000000.0,0.0,20170600000000.0
112,54.1,1979,1979,6.8,6.6,301,6.8,6.2,6.9,13.97,54.3,54.3,54.3,13.96,7.6,13.92,0.0,301,43.6,14.02,54.2,6.9,301,5,43.6,43.6,43.6,301,36.3,37.1,13.99,6.0,0.0,13.0,13.0,13.0,0.01,4.4,0.0,9.6,13.0,20170600000000.0,20170600000000.0,20170600000000.0,6.6,20170600000000.0,20170600000000.0,0.0,20170600000000.0
48,52.1,1289,1316,8.0,7.8,301,8.0,7.3,8.3,14.12,54.3,54.3,54.3,14.09,7.1,14.09,-0.1,301,46.1,14.14,54.1,6.2,301,11,46.1,46.1,46.1,301,38.7,39.5,14.12,5.3,0.1,13.1,13.1,13.1,0.0,4.73,-0.1,8.4,13.0,20170600000000.0,20170600000000.0,20170600000000.0,5.3,20170600000000.0,20170600000000.0,-0.1,20170600000000.0
109,49.9,5103,5103,7.8,7.4,301,7.8,7.3,7.8,14.12,54.9,54.9,54.8,14.07,6.8,14.12,-0.1,301,44.4,14.17,54.8,5.9,301,6,44.3,44.4,44.3,301,37.1,37.9,14.11,5.1,0.0,12.9,12.9,12.9,0.0,4.92,0.0,9.5,12.9,20170600000000.0,20170600000000.0,,5.7,20170600000000.0,20170600000000.0,0.0,20170600000000.0
109,51.2,5104,5104,7.9,7.5,301,7.9,7.2,7.9,14.11,54.9,54.8,54.8,14.12,6.8,14.12,0.0,301,44.6,14.12,54.1,6.1,301,6,44.4,44.4,44.4,301,37.1,37.9,14.11,5.3,0.1,12.9,12.9,12.9,0.01,4.92,0.0,9.5,12.9,20170600000000.0,20170600000000.0,20170600000000.0,5.6,20170600000000.0,,0.0,
112,54.5,1952,1952,7.6,7.2,301,7.6,6.7,7.2,13.97,54.3,54.3,54.3,13.96,7.6,13.97,0.0,301,43.7,14.02,54.1,7.1,301,5,43.7,43.7,43.8,301,36.3,37.1,13.99,6.3,0.0,13.0,13.0,13.0,0.0,4.39,0.0,9.7,13.0,20170600000000.0,20170600000000.0,20170600000000.0,7.1,,20170600000000.0,0.0,20170600000000.0
48,51.3,1424,1451,8.4,8.1,301,8.4,7.8,8.0,14.11,54.4,54.3,54.3,14.09,6.8,14.14,-0.1,301,46.1,14.14,54.1,6.2,301,11,46.0,46.2,46.2,301,38.7,39.5,14.12,5.4,0.1,13.1,13.1,13.1,0.01,5.03,-0.1,9.5,13.1,20170600000000.0,20170600000000.0,20170600000000.0,5.4,20170600000000.0,20170600000000.0,-0.1,20170600000000.0
112,54.9,2068,2068,6.7,6.4,301,6.7,5.7,6.6,13.96,54.4,54.3,54.3,13.96,7.6,13.96,0.0,301,43.8,14.02,54.3,7.1,301,5,43.8,43.8,43.8,301,36.3,37.1,13.99,6.4,0.0,13.0,13.0,13.0,0.03,4.3,0.0,9.3,13.0,20170600000000.0,20170600000000.0,20170600000000.0,6.6,20170600000000.0,20170600000000.0,0.0,20170600000000.0
48,52.1,1416,1443,8.1,7.7,301,8.1,7.4,7.6,14.12,54.6,54.5,54.4,14.09,6.9,14.09,-0.1,301,46.2,14.14,54.4,6.2,301,11,46.1,46.2,46.1,301,38.7,39.5,14.12,5.3,0.1,13.1,13.1,13.1,0.01,4.96,-0.1,9.6,13.1,20170600000000.0,20170600000000.0,20170600000000.0,5.6,20170600000000.0,20170600000000.0,-0.1,20170600000000.0
109,49.7,5228,5228,7.3,7.2,301,7.3,6.9,7.1,14.11,55.0,55.0,55.0,14.12,6.6,14.13,0.0,301,44.3,14.12,55.0,5.8,301,6,44.3,44.3,44.4,301,37.1,37.9,14.11,5.2,0.0,12.9,12.9,12.9,0.02,4.92,0.0,8.6,12.9,20170600000000.0,20170600000000.0,20170600000000.0,5.3,20170600000000.0,20170600000000.0,0.0,
48,52.3,1418,1445,8.1,7.5,301,8.1,7.0,7.8,14.11,54.3,54.3,54.3,14.09,7.1,14.09,-0.1,301,46.1,14.14,54.1,6.2,301,11,46.0,46.1,46.2,301,38.7,39.5,14.12,5.2,0.1,13.1,13.1,13.1,0.01,4.76,-0.1,9.6,13.0,20170600000000.0,20170600000000.0,20170600000000.0,5.3,20170600000000.0,20170600000000.0,0.0,
112,53.9,2072,2072,7.3,6.8,301,7.3,6.3,7.3,13.97,54.3,54.3,54.3,13.96,7.5,13.96,0.0,301,43.6,14.02,54.1,7.0,301,5,43.5,43.6,43.6,301,36.3,37.1,13.99,6.6,0.0,13.0,13.0,13.0,0.02,4.38,0.0,8.9,13.0,20170600000000.0,20170600000000.0,20170600000000.0,6.6,20170600000000.0,20170600000000.0,0.0,20170600000000.0
48,51.5,1516,1543,8.1,7.8,301,8.0,7.6,8.2,14.11,54.4,54.4,54.4,14.09,6.6,14.09,-0.1,302,46.2,14.14,54.3,6.1,301,11,46.1,46.3,46.2,301,38.7,39.5,14.12,5.4,0.1,13.1,13.1,13.1,0.02,5.0,-0.1,9.5,13.1,20170600000000.0,20170600000000.0,20170600000000.0,5.7,20170600000000.0,20170600000000.0,-0.1,20170600000000.0
101,52.9,1387,1387,8.8,8.5,301,8.7,8.0,9.1,14.09,57.6,57.6,57.6,14.08,6.7,14.08,0.0,301,46.9,14.12,57.1,6.0,301,0,46.7,46.7,46.7,301,37.1,37.9,14.09,5.4,0.1,12.9,12.9,12.9,0.02,4.79,0.0,8.6,12.9,20170600000000.0,20170600000000.0,20170600000000.0,5.7,20170600000000.0,20170600000000.0,0.0,20170600000000.0
101,53.0,1386,1386,8.8,8.4,301,8.8,7.7,9.1,14.09,57.6,57.6,57.6,14.08,6.9,14.08,0.0,301,46.9,14.12,57.1,6.1,301,0,46.8,46.8,46.8,301,37.1,37.9,14.09,5.3,0.1,12.9,12.9,12.9,0.02,4.81,0.0,8.4,12.9,20170600000000.0,20170600000000.0,20170600000000.0,5.5,20170600000000.0,20170600000000.0,0.0,20170600000000.0
112,53.3,2166,2166,7.5,6.9,301,7.5,6.3,7.3,13.97,54.3,54.3,54.3,13.96,7.5,13.96,0.0,301,43.6,14.02,54.1,6.9,301,5,43.6,43.6,43.6,301,36.3,37.1,13.99,6.4,0.0,13.0,13.0,13.0,0.0,4.48,0.0,9.2,13.0,20170600000000.0,20170600000000.0,20170600000000.0,6.6,20170600000000.0,20170600000000.0,0.0,20170600000000.0
112,54.6,2059,2059,6.6,6.2,301,6.6,5.8,6.4,13.97,54.4,54.4,54.4,13.96,7.3,13.96,0.0,301,43.8,14.02,54.3,6.7,301,5,43.8,43.9,43.8,301,36.3,37.1,13.99,5.9,0.0,13.0,13.0,13.0,0.02,4.38,0.0,8.7,13.0,20170600000000.0,20170600000000.0,20170600000000.0,6.5,20170600000000.0,20170600000000.0,0.0,20170600000000.0
48,51.8,1407,1434,7.5,7.3,301,7.5,7.0,8.1,14.11,54.7,54.6,54.6,14.09,6.9,14.09,-0.1,301,46.1,14.14,54.6,6.1,301,11,46.0,46.1,46.1,301,38.7,39.5,14.12,5.3,0.1,13.1,13.1,13.1,0.01,4.96,-0.1,9.5,13.1,20170600000000.0,20170600000000.0,20170600000000.0,5.5,20170600000000.0,20170600000000.0,-0.1,
109,51.0,5220,5220,7.2,6.8,301,7.0,6.3,7.5,14.11,55.3,55.2,55.2,14.12,6.5,14.12,-0.1,301,44.3,14.16,55.2,5.6,301,6,44.2,44.2,44.2,301,37.1,37.9,14.11,4.5,0.0,12.9,12.9,12.9,0.02,4.92,0.0,9.8,12.9,20170600000000.0,20170600000000.0,20170600000000.0,5.6,20170600000000.0,20170600000000.0,0.0,20170600000000.0
112,54.0,2060,2060,7.0,6.4,301,7.0,6.0,6.8,13.97,54.6,54.6,54.6,13.96,7.5,13.96,0.0,301,43.6,14.02,54.2,6.9,301,5,43.5,43.6,43.6,301,36.3,37.1,13.99,6.3,0.0,13.0,13.0,13.0,0.01,4.48,0.0,8.7,13.0,20170600000000.0,20170600000000.0,,6.3,20170600000000.0,20170600000000.0,0.0,20170600000000.0
112,53.4,2021,2021,7.4,7.1,301,7.4,6.6,7.2,13.96,54.3,54.3,54.3,13.96,7.8,13.97,0.0,301,43.7,14.02,54.1,7.1,301,5,43.6,43.7,43.7,301,36.3,37.1,13.99,6.6,0.0,13.0,13.0,13.0,0.0,4.54,0.0,8.7,13.0,20170600000000.0,20170600000000.0,20170600000000.0,7.1,20170600000000.0,20170600000000.0,0.0,20170600000000.0
48,51.6,1364,1391,8.4,8.3,301,8.4,7.8,8.1,14.1,54.5,54.4,54.4,14.09,6.9,14.09,-0.1,302,46.1,14.13,54.1,6.2,302,11,46.0,46.0,46.0,301,38.7,39.5,14.12,5.2,0.1,13.1,13.0,13.1,0.01,4.75,-0.1,9.5,13.0,20170600000000.0,20170600000000.0,20170600000000.0,5.4,20170600000000.0,20170600000000.0,-0.1,20170600000000.0
109,49.4,5177,5177,8.1,7.4,301,7.4,7.0,7.8,14.13,54.9,54.9,54.9,14.12,6.9,14.08,0.0,301,44.6,14.16,54.2,5.8,301,6,44.3,44.4,44.4,301,37.1,37.9,14.11,4.9,0.0,12.9,12.9,12.9,0.0,5.01,0.0,9.6,12.9,20170600000000.0,20170600000000.0,20170600000000.0,5.9,20170600000000.0,20170600000000.0,0.0,20170600000000.0
112,54.1,2050,2050,7.1,6.9,301,7.1,6.3,7.1,13.97,54.4,54.3,54.3,13.96,7.7,13.96,0.0,301,43.9,14.02,53.8,7.1,301,5,43.8,43.8,43.8,301,36.3,37.1,13.99,6.3,0.0,13.0,13.0,13.0,0.0,4.34,0.0,9.3,13.0,20170600000000.0,20170600000000.0,,6.4,20170600000000.0,20170600000000.0,0.0,20170600000000.0
48,51.6,1396,1423,8.3,7.8,301,8.2,7.2,8.4,14.13,54.3,54.3,54.3,14.09,7.2,14.13,-0.1,301,46.3,14.14,53.8,6.1,301,11,46.1,46.2,46.2,301,38.7,39.5,14.12,5.3,0.1,13.1,13.1,13.1,0.0,4.84,-0.1,9.5,13.1,20170600000000.0,20170600000000.0,20170600000000.0,5.4,20170600000000.0,20170600000000.0,-0.1,20170600000000.0
101,53.5,1344,1344,8.9,8.2,301,8.9,7.6,9.0,14.09,57.6,57.6,57.6,14.08,6.9,14.08,-0.1,301,46.9,14.13,57.1,5.9,301,0,46.7,46.7,46.7,301,37.1,37.9,14.09,5.3,0.1,12.9,12.9,12.9,0.0,4.75,0.0,9.0,12.9,20170600000000.0,20170600000000.0,,5.9,20170600000000.0,20170600000000.0,0.0,20170600000000.0
49,52.5,1714,1741,8.0,7.7,301,8.0,7.4,8.1,14.11,54.3,54.3,54.3,14.09,6.8,14.09,-0.1,301,46.0,14.14,54.1,6.0,301,11,46.0,46.1,46.0,301,38.7,39.5,14.12,5.1,0.1,13.1,13.1,13.1,0.01,4.76,-0.1,8.5,13.0,20170600000000.0,20170600000000.0,,5.2,20170600000000.0,20170600000000.0,-0.1,20170600000000.0
109,49.8,5659,5659,7.8,7.6,301,7.7,7.2,7.7,14.11,54.9,54.8,54.8,14.12,7.0,14.08,-0.1,301,44.6,14.12,54.2,5.8,301,6,44.3,44.3,44.4,301,37.1,37.9,14.11,5.1,0.1,12.9,12.9,12.9,0.02,4.9,0.0,8.9,12.9,20170600000000.0,20170600000000.0,20170600000000.0,5.3,20170600000000.0,20170600000000.0,0.0,20170600000000.0
101,52.2,1680,1680,8.5,8.2,301,8.5,7.9,8.9,14.09,57.6,57.5,57.6,14.08,6.6,14.08,0.0,301,46.9,14.12,57.1,5.8,301,0,46.8,46.8,46.8,301,37.1,37.9,14.09,5.0,0.1,12.9,12.9,12.9,0.02,4.95,0.0,9.6,12.9,20170600000000.0,20170600000000.0,20170600000000.0,5.0,20170600000000.0,20170600000000.0,0.0,20170600000000.0
112,54.3,2484,2484,7.0,6.5,301,7.0,6.0,6.8,13.95,54.4,54.4,54.3,13.96,7.5,13.96,0.0,301,43.8,14.02,54.3,6.9,301,5,43.8,43.9,43.8,301,35.7,36.5,13.99,6.5,0.0,13.0,13.0,13.0,0.02,4.41,0.0,9.5,13.0,20170600000000.0,20170600000000.0,20170600000000.0,6.5,20170600000000.0,20170600000000.0,0.0,20170600000000.0
109,51.4,5460,5460,8.2,7.7,301,8.2,7.3,7.9,14.11,55.1,55.0,55.1,14.12,6.6,14.08,0.0,301,44.5,14.12,54.2,5.8,301,6,44.2,44.3,44.3,301,37.1,37.9,14.11,5.0,0.1,12.9,12.9,12.9,0.01,4.92,0.0,9.8,12.9,20170600000000.0,20170600000000.0,,5.4,20170600000000.0,20170600000000.0,0.0,20170600000000.0
112,53.7,2291,2291,7.5,7.2,301,7.4,6.5,7.2,13.96,54.4,54.3,54.4,13.96,7.5,13.97,0.0,301,43.9,13.97,53.8,7.0,301,5,43.8,43.8,43.9,301,36.3,37.1,13.99,6.3,0.0,13.0,13.0,13.0,0.01,4.48,0.0,9.4,13.0,20170600000000.0,20170600000000.0,,6.6,20170600000000.0,20170600000000.0,0.0,20170600000000.0
109,50.2,5452,5452,8.0,7.6,301,8.0,7.2,8.1,14.12,54.9,54.9,54.9,14.13,7.1,14.12,0.0,301,44.5,14.13,54.3,5.8,301,6,44.3,44.4,44.3,301,37.1,37.9,14.11,4.9,0.0,12.9,12.9,12.9,0.02,4.87,0.0,9.7,12.9,20170600000000.0,20170600000000.0,20170600000000.0,5.3,20170600000000.0,20170600000000.0,0.0,20170600000000.0
101,53.3,1502,1502,9.0,8.2,301,9.0,7.5,8.3,14.09,57.6,57.5,57.5,14.08,6.7,14.08,0.0,301,46.9,14.12,57.1,6.0,301,0,46.7,46.8,46.8,301,37.1,37.9,14.09,5.3,0.1,12.9,12.9,12.9,0.01,4.76,0.0,8.8,12.9,20170600000000.0,20170600000000.0,20170600000000.0,5.8,20170600000000.0,20170600000000.0,0.0,20170600000000.0
109,50.4,5453,5453,7.6,7.1,301,7.4,6.6,7.4,14.12,54.9,54.8,54.8,14.13,6.2,14.12,-0.1,301,44.3,14.15,54.8,5.6,301,6,44.2,44.3,44.3,301,37.1,37.9,14.11,4.9,0.0,12.9,12.9,12.9,0.01,4.98,0.0,9.4,12.9,,,20170600000000.0,4.9,20170600000000.0,20170600000000.0,0.0,20170600000000.0
101,52.4,1506,1506,8.9,8.2,301,8.9,7.8,9.3,14.09,57.6,57.5,57.5,14.08,6.9,14.08,0.0,301,46.9,14.13,57.0,6.0,301,0,46.7,46.7,46.7,301,37.1,37.9,14.09,5.1,0.1,12.9,12.9,12.9,0.01,4.87,0.0,8.6,12.9,20170600000000.0,20170600000000.0,20170600000000.0,6.5,20170600000000.0,20170600000000.0,0.0,20170600000000.0
101,52.9,1426,1426,9.0,8.6,301,8.8,8.1,9.0,14.09,57.6,57.5,57.6,14.08,6.4,14.08,-0.1,301,46.9,14.13,57.1,5.9,301,0,46.7,46.7,46.8,301,37.1,37.9,14.09,5.5,0.1,12.9,12.9,12.9,0.02,4.78,0.0,8.7,12.9,20170600000000.0,20170600000000.0,20170600000000.0,5.5,20170600000000.0,20170600000000.0,0.0,20170600000000.0
112,54.3,2211,2211,7.7,7.3,301,7.5,6.5,7.6,13.97,54.2,54.2,54.1,13.96,7.6,13.96,0.0,301,43.6,14.02,54.0,7.1,301,5,43.6,43.7,43.6,301,36.3,37.1,13.99,6.5,0.0,13.0,13.0,13.0,0.02,4.46,0.0,9.6,13.0,20170600000000.0,20170600000000.0,20170600000000.0,6.8,20170600000000.0,20170600000000.0,0.0,20170600000000.0
109,51.5,5376,5376,8.0,7.7,301,7.9,7.3,8.0,14.11,54.8,54.7,54.7,14.08,6.8,14.08,0.0,301,44.5,14.16,54.2,6.1,301,6,44.3,44.3,44.3,301,37.1,37.9,14.11,5.2,0.0,12.9,12.9,12.9,0.01,4.83,0.0,9.6,12.9,20170600000000.0,20170600000000.0,20170600000000.0,5.7,20170600000000.0,20170600000000.0,0.0,20170600000000.0
101,53.0,1427,1427,8.9,8.6,301,8.8,8.0,9.2,14.09,57.6,57.6,57.6,14.08,6.7,14.08,0.0,301,46.9,14.13,57.1,6.1,301,0,46.7,46.7,46.8,301,37.1,37.9,14.09,5.3,0.1,12.9,12.9,12.9,0.0,4.81,0.0,8.8,12.9,20170600000000.0,20170600000000.0,20170600000000.0,6.2,20170600000000.0,20170600000000.0,0.0,20170600000000.0
112,51.8,2212,2212,6.9,6.4,301,6.9,5.8,6.9,13.99,54.4,54.3,54.4,13.96,7.6,13.97,0.0,301,43.8,14.02,54.1,7.1,301,5,43.8,43.8,43.8,301,36.3,37.1,13.99,6.4,0.0,13.0,13.0,13.0,0.01,4.55,0.0,9.6,13.0,,,20170600000000.0,7.0,,,0.0,20170600000000.0
112,55.0,2237,2237,7.4,7.1,301,7.4,6.5,7.1,13.97,54.3,54.3,54.3,13.96,7.9,13.97,0.0,301,44.0,14.02,53.7,7.2,301,5,43.8,43.8,43.8,301,36.3,37.1,13.99,6.5,0.0,13.0,13.0,13.0,0.01,4.33,0.0,9.0,13.0,20170600000000.0,20170600000000.0,20170600000000.0,6.8,20170600000000.0,20170600000000.0,0.0,20170600000000.0
109,50.1,5404,5404,7.7,7.1,301,7.3,6.8,7.7,14.11,54.9,54.7,54.8,14.11,6.5,14.09,-0.1,301,44.4,14.12,54.7,5.6,301,6,44.3,44.3,44.3,301,37.1,37.9,14.11,4.9,0.0,12.9,12.9,12.9,0.02,4.89,0.0,9.5,12.9,20170600000000.0,20170600000000.0,20170600000000.0,5.0,20170600000000.0,20170600000000.0,0.0,20170600000000.0
112,51.6,2246,2246,6.7,6.4,301,6.7,6.0,6.3,13.99,54.2,54.2,54.2,14.02,7.8,13.96,0.0,302,43.8,14.02,54.1,7.1,301,5,43.8,43.8,43.8,301,36.3,37.1,13.99,6.6,0.0,13.0,13.0,13.0,0.01,4.57,0.0,9.8,13.0,20170600000000.0,20170600000000.0,20170600000000.0,6.8,20170600000000.0,20170600000000.0,0.0,20170600000000.0
112,52.5,2255,2255,6.5,6.2,301,6.4,5.8,6.6,13.96,54.2,54.2,54.2,13.96,7.5,13.97,0.0,301,43.8,14.02,54.1,7.0,301,5,43.8,43.8,43.8,301,36.3,37.1,13.99,6.4,0.0,13.0,13.0,13.0,0.01,4.63,0.0,8.8,13.0,20170600000000.0,20170600000000.0,20170600000000.0,6.6,20170600000000.0,20170600000000.0,0.0,20170600000000.0
109,50.4,5419,5419,7.6,7.4,301,7.5,7.1,7.8,14.1,54.8,54.8,54.8,14.08,6.8,14.08,-0.1,301,44.3,14.13,54.7,6.0,301,6,44.2,44.3,44.3,301,37.1,37.9,14.11,5.4,0.0,12.9,12.9,12.9,0.0,5.03,0.0,9.5,12.9,20170600000000.0,20170600000000.0,20170600000000.0,5.5,20170600000000.0,20170600000000.0,0.0,20170600000000.0
49,52.2,2131,2158,8.6,8.3,301,8.3,7.9,8.6,14.11,54.4,54.4,54.3,14.09,7.1,14.09,-0.1,301,46.1,14.15,54.1,6.2,301,11,46.0,46.1,46.1,301,38.7,39.5,14.12,5.2,0.1,13.1,13.1,13.1,0.0,4.9,-0.1,9.6,13.0,20170600000000.0,20170600000000.0,20170600000000.0,5.2,20170600000000.0,20170600000000.0,-0.1,20170600000000.0
109,52.7,6076,6076,8.2,7.8,301,8.0,7.4,7.5,14.11,54.7,54.6,54.6,14.12,6.5,14.12,0.0,301,44.6,14.17,54.1,5.8,301,6,44.4,44.4,44.4,301,37.1,37.9,14.11,4.9,0.0,12.9,12.9,12.9,0.01,4.7,0.0,8.5,12.9,20170600000000.0,20170600000000.0,20170600000000.0,5.0,,,0.0,20170600000000.0
112,53.7,2338,2338,6.8,6.6,301,6.8,6.1,7.0,13.95,54.4,54.3,54.3,13.96,7.4,13.96,0.0,301,43.6,14.02,54.2,6.9,301,5,43.6,43.6,43.6,301,36.3,37.1,13.99,6.4,0.0,13.0,13.0,13.0,0.0,4.49,0.0,8.5,13.0,20170600000000.0,20170600000000.0,20170600000000.0,6.6,20170600000000.0,20170600000000.0,0.0,20170600000000.0
109,52.0,5500,5500,8.1,7.6,301,7.7,6.8,8.0,14.11,55.0,55.0,55.0,14.08,6.4,14.12,0.0,301,44.5,14.13,54.3,5.6,301,6,44.3,44.4,44.4,301,37.1,37.9,14.11,4.7,0.0,12.9,12.9,12.9,0.02,4.81,0.0,9.1,12.9,20170600000000.0,20170600000000.0,20170600000000.0,4.6,20170600000000.0,20170600000000.0,0.0,20170600000000.0
101,52.3,1544,1544,8.8,8.0,301,8.8,7.5,8.6,14.09,57.6,57.5,57.6,14.08,6.3,14.08,0.0,301,46.9,14.13,57.2,5.7,301,0,46.8,46.8,46.8,301,37.1,37.9,14.09,5.1,0.1,12.9,12.9,12.9,0.01,4.89,0.0,8.5,12.9,20170600000000.0,20170600000000.0,20170600000000.0,5.6,20170600000000.0,20170600000000.0,0.0,20170600000000.0
112,54.4,2339,2339,6.8,6.6,301,6.8,6.3,6.8,14.0,54.4,54.3,54.3,13.97,7.7,13.97,0.0,301,43.6,14.03,54.2,6.9,302,5,43.5,43.6,43.6,301,36.3,37.1,13.99,6.2,0.0,13.0,13.0,13.0,0.01,4.39,0.0,8.6,13.0,20170600000000.0,20170600000000.0,20170600000000.0,6.7,20170600000000.0,20170600000000.0,0.0,20170600000000.0
112,54.5,2805,2805,8.4,7.7,301,8.4,7.3,8.3,14.01,54.3,54.3,54.3,13.96,8.0,13.97,0.0,301,44.0,14.11,53.8,7.3,301,5,43.8,43.8,43.9,301,35.7,36.5,13.99,6.8,0.0,13.0,13.0,13.0,0.01,4.35,0.0,8.5,13.0,20170600000000.0,20170600000000.0,20170600000000.0,7.2,20170600000000.0,20170600000000.0,0.0,20170600000000.0
49,52.3,2039,2066,9.3,8.9,301,9.0,8.2,9.2,14.11,54.4,54.3,54.3,14.09,7.0,14.13,-0.1,301,46.3,14.13,53.7,6.3,301,11,46.1,46.2,46.2,301,38.7,39.5,14.12,5.6,0.1,13.1,13.1,13.1,0.02,4.8,-0.1,8.7,13.1,20170600000000.0,20170600000000.0,20170600000000.0,5.7,20170600000000.0,20170600000000.0,-0.1,20170600000000.0
112,54.4,2799,2799,7.1,6.5,301,7.1,6.0,7.0,13.97,54.4,54.4,54.3,13.96,7.5,13.96,0.0,301,43.8,14.02,54.3,7.0,301,5,43.8,43.8,43.8,301,35.7,36.5,13.99,6.6,0.1,13.0,13.0,13.0,0.0,4.43,0.0,8.5,13.0,20170600000000.0,20170600000000.0,20170600000000.0,7.0,20170600000000.0,20170600000000.0,0.0,20170600000000.0
49,50.3,2033,2060,8.5,8.1,301,8.5,7.8,8.3,14.1,54.4,54.4,54.4,14.09,6.9,14.09,-0.1,301,46.2,14.13,54.3,6.3,301,11,46.2,46.2,46.2,301,38.7,39.5,14.12,5.5,0.1,13.1,13.1,13.1,0.02,5.17,-0.1,8.8,13.0,20170600000000.0,20170600000000.0,20170600000000.0,5.5,20170600000000.0,20170600000000.0,-0.1,20170600000000.0
112,53.9,2802,2802,7.7,7.0,301,7.1,6.3,7.4,13.97,54.4,54.3,54.3,13.96,7.6,13.97,0.0,301,44.0,14.02,53.8,7.1,301,5,43.8,43.8,43.8,301,35.7,36.5,13.99,6.4,0.0,13.0,13.0,13.0,0.01,4.44,0.0,8.2,13.0,20170600000000.0,20170600000000.0,20170600000000.0,7.2,20170600000000.0,20170600000000.0,0.0,20170600000000.0
49,51.8,2036,2063,9.1,8.6,301,9.1,8.0,8.8,14.1,54.3,54.3,54.3,14.09,7.0,14.09,-0.1,301,46.3,14.13,53.7,6.2,301,11,46.1,46.1,46.2,301,38.7,39.5,14.12,5.4,0.1,13.1,13.1,13.1,0.02,4.88,0.0,8.5,13.1,20170600000000.0,20170600000000.0,20170600000000.0,5.8,20170600000000.0,20170600000000.0,0.0,20170600000000.0
109,50.8,5436,5436,7.4,7.0,301,7.2,6.6,7.2,14.1,55.3,55.4,55.3,14.12,6.4,14.12,0.0,301,44.4,14.12,54.5,5.5,301,6,44.1,44.2,44.1,301,37.1,37.9,14.11,4.6,0.0,12.9,12.9,12.9,0.0,4.96,0.0,9.5,12.9,20170600000000.0,20170600000000.0,20170600000000.0,4.9,20170600000000.0,20170600000000.0,0.0,20170600000000.0
101,51.8,1486,1486,8.0,7.7,301,7.9,7.3,8.0,14.09,57.8,57.6,57.8,14.08,6.9,14.08,-0.1,301,46.9,14.12,57.2,6.0,301,0,46.7,46.7,46.7,301,37.1,37.9,14.09,5.0,0.1,12.9,12.9,12.9,0.03,5.0,0.0,8.5,12.9,20170600000000.0,20170600000000.0,20170600000000.0,5.3,20170600000000.0,20170600000000.0,0.0,20170600000000.0
112,53.6,2530,2530,7.6,7.2,301,7.6,6.6,7.4,13.97,54.4,54.4,54.4,13.96,7.5,13.96,0.0,301,43.7,14.02,54.2,7.0,301,5,43.6,43.7,43.7,301,35.7,36.5,13.99,6.5,0.0,13.0,13.0,13.0,0.01,4.5,0.0,8.5,13.0,20170600000000.0,20170600000000.0,20170600000000.0,6.7,,20170600000000.0,0.0,20170600000000.0
49,52.1,1760,1787,8.1,7.9,301,8.0,7.5,8.1,14.11,54.3,54.3,54.3,14.09,7.1,14.09,-0.1,301,46.2,14.14,54.1,6.2,301,11,46.1,46.2,46.1,301,38.7,39.5,14.12,5.4,0.1,13.0,13.1,13.1,0.02,4.8,-0.1,9.5,13.1,20170600000000.0,20170600000000.0,,5.3,20170600000000.0,20170600000000.0,-0.1,20170600000000.0
109,52.1,5708,5708,7.7,7.3,301,7.5,6.9,7.5,14.11,54.9,54.8,54.9,14.08,7.1,14.08,0.0,301,44.6,14.12,54.2,5.8,301,6,44.4,44.4,44.5,301,37.1,37.9,14.11,5.2,0.1,12.9,12.9,12.9,0.01,4.75,0.0,9.6,12.9,20170600000000.0,20170600000000.0,20170600000000.0,5.4,20170600000000.0,20170600000000.0,0.0,20170600000000.0
101,52.1,1534,1534,8.8,8.4,301,8.7,8.0,8.7,14.09,57.6,57.6,57.6,14.08,7.2,14.08,-0.1,301,46.9,14.13,57.1,6.0,301,0,46.7,46.7,46.8,301,37.1,37.9,14.09,4.9,0.1,12.9,12.9,12.9,0.0,4.96,0.0,9.5,12.9,20170600000000.0,20170600000000.0,20170600000000.0,6.0,20170600000000.0,20170600000000.0,0.0,20170600000000.0
112,55.1,2326,2326,7.8,7.2,301,7.8,6.6,7.7,13.98,54.3,54.3,54.3,13.96,7.6,13.97,0.0,301,43.6,14.07,54.0,7.2,301,5,43.6,43.6,43.6,301,36.3,37.1,13.99,6.4,0.0,13.0,13.0,13.0,0.01,4.26,0.0,9.6,13.0,20170600000000.0,20170600000000.0,20170600000000.0,7.2,20170600000000.0,20170600000000.0,0.0,20170600000000.0
101,53.0,1526,1526,8.8,8.4,301,8.6,7.5,8.3,14.09,57.6,57.5,57.6,14.08,7.0,14.08,0.0,301,46.9,14.12,57.1,5.9,301,0,46.7,46.8,46.8,301,37.1,37.9,14.09,5.0,0.1,12.9,12.9,12.9,0.01,4.84,0.0,9.5,12.9,20170600000000.0,20170600000000.0,20170600000000.0,5.7,20170600000000.0,20170600000000.0,0.0,20170600000000.0
101,51.0,1527,1527,8.1,7.7,301,8.1,6.9,8.2,14.09,57.5,57.4,57.5,14.08,6.7,14.08,-0.1,301,46.8,14.12,57.3,5.8,301,0,46.7,46.7,46.7,301,37.1,37.9,14.09,5.0,0.1,12.9,12.9,12.9,0.02,5.14,0.0,9.5,12.9,20170600000000.0,20170600000000.0,20170600000000.0,5.4,20170600000000.0,20170600000000.0,0.0,20170600000000.0
109,50.8,5481,5481,7.9,7.4,301,7.9,7.0,7.6,14.11,55.2,55.1,55.2,14.08,7.1,14.08,-0.1,301,44.5,14.17,54.3,6.0,301,6,44.2,44.2,44.3,301,37.1,37.9,14.11,5.0,0.0,12.8,12.9,12.9,0.01,4.99,0.0,9.5,12.9,20170600000000.0,20170600000000.0,20170600000000.0,5.4,20170600000000.0,20170600000000.0,0.0,20170600000000.0
101,52.8,1530,1530,8.8,8.4,301,8.7,8.0,8.8,14.09,57.4,57.4,57.4,14.08,7.4,14.08,0.0,301,46.9,14.12,57.0,6.0,301,0,46.8,46.8,46.8,301,37.1,37.9,14.09,5.1,0.1,12.9,12.9,12.9,0.0,4.85,0.0,9.5,12.9,20170600000000.0,20170600000000.0,20170600000000.0,5.8,20170600000000.0,20170600000000.0,0.0,20170600000000.0
112,54.1,2322,2322,7.2,6.9,301,7.2,6.3,7.3,13.98,54.2,54.2,54.2,13.96,7.7,13.97,0.0,301,43.5,14.02,54.0,7.1,301,5,43.5,43.6,43.5,301,36.3,37.1,13.99,6.6,0.0,13.0,13.0,13.0,0.02,4.41,0.0,8.5,13.0,20170600000000.0,20170600000000.0,20170600000000.0,6.7,20170600000000.0,20170600000000.0,0.0,20170600000000.0
109,50.8,5484,5484,8.1,7.6,301,8.1,7.0,7.9,14.11,54.9,54.9,54.8,14.07,6.5,14.11,-0.1,301,44.5,14.17,54.2,5.5,301,6,44.3,44.4,44.3,301,37.1,37.9,14.11,4.7,0.0,12.9,12.9,12.9,0.0,4.99,0.0,8.5,12.9,20170600000000.0,20170600000000.0,20170600000000.0,4.9,20170600000000.0,20170600000000.0,0.0,20170600000000.0
112,53.3,2324,2324,7.3,7.1,301,7.3,6.6,7.4,13.96,54.3,54.3,54.3,13.96,7.8,13.96,0.0,301,43.9,13.97,53.8,7.2,301,5,43.8,43.8,43.8,301,36.3,37.1,13.99,6.1,0.0,13.0,13.0,13.0,0.0,4.5,0.0,8.5,13.0,20170600000000.0,20170600000000.0,20170600000000.0,6.5,20170600000000.0,20170600000000.0,0.0,20170600000000.0
112,53.7,2381,2381,7.2,6.9,301,7.0,6.5,6.9,13.98,54.3,54.2,54.2,13.96,7.9,13.97,0.0,301,43.6,14.02,54.0,7.0,301,5,43.5,43.6,43.6,301,36.3,37.1,13.99,6.5,0.0,13.0,13.0,13.0,0.02,4.52,0.0,8.5,13.0,20170600000000.0,20170600000000.0,20170600000000.0,6.5,20170600000000.0,20170600000000.0,0.0,20170600000000.0
112,54.8,2377,2377,7.7,7.3,301,7.7,6.5,7.5,13.97,54.2,54.2,54.2,13.97,7.8,13.96,0.0,301,43.8,14.02,54.0,7.2,301,5,43.7,43.8,43.8,301,36.3,37.1,13.99,6.8,0.0,13.0,13.0,13.0,0.01,4.37,0.0,8.5,13.0,20170600000000.0,20170600000000.0,20170600000000.0,7.1,20170600000000.0,20170600000000.0,0.0,20170600000000.0
49,52.4,1587,1614,8.1,7.9,301,8.1,7.6,8.3,14.13,54.3,54.3,54.3,14.13,7.0,14.09,-0.1,301,46.1,14.14,54.1,6.2,301,11,46.0,46.1,46.1,301,38.7,39.5,14.12,5.4,0.1,13.1,13.1,13.1,0.01,4.9,-0.1,9.4,13.0,20170600000000.0,20170600000000.0,20170600000000.0,5.5,20170600000000.0,20170600000000.0,-0.1,20170600000000.0
112,54.0,2378,2378,7.3,7.1,301,7.3,6.7,7.5,13.97,54.3,54.2,54.2,13.97,8.0,13.96,0.0,301,43.8,14.02,54.0,7.2,301,5,43.7,43.8,43.8,301,36.3,37.1,13.99,6.7,0.0,13.0,13.0,13.0,0.01,4.41,0.0,8.5,13.0,20170600000000.0,20170600000000.0,20170600000000.0,7.0,20170600000000.0,20170600000000.0,0.0,20170600000000.0
49,52.9,1589,1616,8.7,8.4,301,8.7,7.8,8.2,14.11,54.4,54.5,54.4,14.09,6.9,14.09,-0.1,301,46.2,14.14,53.8,6.2,302,11,46.0,46.1,46.1,301,38.7,39.5,14.12,5.4,0.1,13.1,13.1,13.1,0.02,4.8,-0.1,9.4,13.0,20170600000000.0,20170600000000.0,20170600000000.0,5.4,,20170600000000.0,0.0,20170600000000.0
101,52.8,1582,1582,8.5,8.1,301,8.1,7.8,8.3,14.09,57.6,57.6,57.6,14.08,7.1,14.08,0.0,301,46.9,14.12,57.0,5.9,301,0,46.7,46.7,46.7,301,37.1,37.9,14.09,5.2,0.1,12.9,12.9,12.9,0.02,4.82,0.0,8.5,12.9,20170600000000.0,20170600000000.0,,5.9,20170600000000.0,20170600000000.0,0.0,20170600000000.0
109,50.1,5543,5543,8.2,7.7,301,8.2,7.1,7.9,14.11,54.9,54.8,54.8,14.08,6.5,14.08,0.0,301,44.5,14.12,54.2,5.7,301,6,44.3,44.3,44.3,301,37.1,37.9,14.11,4.9,0.0,12.9,12.9,12.9,0.02,4.83,0.0,9.6,12.9,20170600000000.0,20170600000000.0,,5.3,20170600000000.0,20170600000000.0,0.0,20170600000000.0
101,52.1,1584,1584,8.8,8.3,301,8.6,7.8,8.8,14.09,57.5,57.5,57.5,14.08,6.5,14.08,0.0,301,46.9,14.12,57.0,5.9,301,0,46.8,46.8,46.8,301,37.1,37.9,14.09,4.8,0.1,12.9,12.9,12.9,0.02,4.96,0.0,8.5,12.9,,,20170600000000.0,5.5,20170600000000.0,20170600000000.0,0.0,20170600000000.0
112,53.4,2390,2390,7.4,7.1,301,7.4,6.6,7.2,13.96,54.3,54.3,54.3,13.96,7.8,13.96,0.0,301,44.0,13.97,53.8,7.2,301,5,43.8,43.9,43.9,301,36.3,37.1,13.99,6.4,0.0,13.0,13.0,13.0,0.02,4.5,0.0,9.3,13.0,20170600000000.0,20170600000000.0,20170600000000.0,6.7,20170600000000.0,20170600000000.0,0.0,20170600000000.0
49,52.7,1600,1627,8.2,8.0,301,8.0,7.7,8.1,14.12,54.5,54.3,54.4,14.09,6.8,14.09,-0.1,302,46.3,14.18,53.8,6.1,301,11,46.1,46.1,46.1,301,38.7,39.5,14.12,5.3,0.1,13.1,13.1,13.1,0.02,4.82,-0.1,9.5,13.0,20170600000000.0,20170600000000.0,20170600000000.0,5.5,,20170600000000.0,-0.1,20170600000000.0
109,51.2,5551,5551,7.8,7.4,301,7.8,6.9,8.1,14.13,55.0,54.9,55.0,14.12,6.4,14.12,-0.1,301,44.6,14.17,54.2,5.5,301,6,44.3,44.3,44.4,301,37.1,37.9,14.11,4.8,0.0,12.9,12.9,12.9,0.0,4.88,0.0,8.5,12.9,20170600000000.0,20170600000000.0,,5.2,20170600000000.0,20170600000000.0,0.0,20170600000000.0
49,51.5,1570,1597,8.2,7.9,301,8.0,7.6,8.2,14.11,54.3,54.3,54.3,14.09,6.9,14.09,-0.1,301,46.1,14.14,54.0,6.1,301,11,46.0,46.2,46.1,301,38.7,39.5,14.12,5.4,0.1,13.1,13.1,13.1,0.01,5.01,-0.1,8.5,13.0,20170600000000.0,20170600000000.0,20170600000000.0,5.5,20170600000000.0,20170600000000.0,-0.1,20170600000000.0
101,52.9,1565,1565,9.1,8.6,301,9.1,8.3,8.9,14.09,57.6,57.6,57.6,14.08,6.7,14.08,0.0,301,46.9,14.12,57.0,6.1,301,0,46.7,46.7,46.7,301,37.1,37.9,14.09,5.3,0.1,13.0,12.9,12.9,0.02,4.82,0.0,8.7,12.9,20170600000000.0,20170600000000.0,20170600000000.0,5.7,20170600000000.0,20170600000000.0,0.0,20170600000000.0
109,51.8,5517,5517,8.0,7.6,301,7.9,6.9,7.9,14.12,54.9,54.9,54.9,14.12,6.5,14.12,0.0,301,44.6,14.17,54.3,5.8,301,6,44.4,44.4,44.4,301,37.1,37.9,14.11,5.1,0.1,12.9,12.9,12.9,0.02,4.81,0.0,8.8,12.9,20170600000000.0,20170600000000.0,20170600000000.0,5.1,20170600000000.0,20170600000000.0,0.0,20170600000000.0
101,52.8,1557,1557,8.3,8.1,301,8.1,7.6,8.2,14.09,57.6,57.6,57.6,14.08,6.5,14.08,0.0,301,46.9,14.13,57.1,5.8,301,0,46.8,46.9,46.8,301,37.1,37.9,14.09,5.2,0.1,12.9,12.9,12.9,0.02,4.81,0.0,9.4,12.9,20170600000000.0,20170600000000.0,20170600000000.0,5.5,20170600000000.0,20170600000000.0,0.0,20170600000000.0
109,52.2,5521,5521,8.0,7.5,301,7.9,7.1,7.7,14.11,54.9,54.9,54.9,14.12,6.4,14.12,0.0,301,44.5,14.17,54.3,5.7,301,6,44.3,44.4,44.4,301,37.1,37.9,14.11,4.8,0.0,12.9,12.9,12.9,0.0,4.78,0.0,8.5,12.9,20170600000000.0,20170600000000.0,20170600000000.0,5.1,20170600000000.0,20170600000000.0,0.0,
101,52.3,1561,1561,8.5,8.3,301,8.4,7.5,8.6,14.09,57.6,57.6,57.6,14.08,7.0,14.08,-0.1,301,46.9,14.12,57.1,5.9,301,0,46.7,46.7,46.7,301,37.1,37.9,14.09,5.4,0.1,12.9,12.9,12.9,0.02,4.93,0.0,9.6,12.9,20170600000000.0,20170600000000.0,20170600000000.0,5.8,20170600000000.0,20170600000000.0,0.0,20170600000000.0
112,54.3,2357,2357,7.2,6.8,301,6.9,6.4,6.7,13.96,54.4,54.3,54.4,13.96,7.5,13.97,0.0,301,43.6,13.97,54.2,7.0,301,5,43.5,43.6,43.6,301,36.3,37.1,13.99,6.3,0.0,13.0,13.0,13.0,0.0,4.47,0.0,9.6,13.0,20170600000000.0,20170600000000.0,,6.6,20170600000000.0,20170600000000.0,0.0,20170600000000.0
109,51.7,5522,5522,8.2,7.8,301,7.9,7.4,8.3,14.12,55.0,54.9,54.9,14.13,6.5,14.12,0.0,301,44.5,14.13,54.3,5.9,301,6,44.3,44.3,44.3,301,37.1,37.9,14.11,5.2,0.0,12.9,12.9,12.9,0.02,4.7,0.0,8.5,12.9,20170600000000.0,20170600000000.0,20170600000000.0,5.4,20170600000000.0,20170600000000.0,0.0,20170600000000.0
112,53.8,2317,2317,7.4,7.1,301,7.2,6.7,7.0,13.96,54.3,54.3,54.3,13.96,7.7,14.02,0.0,301,43.6,13.97,54.1,7.1,301,5,43.6,43.6,43.6,301,36.3,37.1,13.99,6.3,0.0,13.0,13.0,13.0,0.02,4.41,0.0,9.6,13.0,20170600000000.0,20170600000000.0,,6.9,,20170600000000.0,0.0,20170600000000.0
109,50.7,5478,5478,8.0,7.4,301,7.7,7.0,7.5,14.11,55.0,55.0,54.9,14.12,6.7,14.08,0.0,301,44.6,14.12,54.3,5.7,301,6,44.4,44.4,44.4,301,37.1,37.9,14.11,4.8,0.0,12.9,12.9,12.9,0.02,4.73,0.0,8.5,12.9,20170600000000.0,20170600000000.0,20170600000000.0,5.1,20170600000000.0,20170600000000.0,0.0,20170600000000.0
112,52.5,2309,2309,6.6,6.4,301,6.3,5.8,6.6,13.99,54.4,54.4,54.3,13.96,7.6,13.97,0.0,301,43.8,14.02,54.3,6.9,301,5,43.8,43.8,43.8,301,36.3,37.1,13.99,6.1,0.0,13.0,13.0,13.0,0.02,4.65,0.0,8.5,13.0,20170600000000.0,20170600000000.0,,6.6,20170600000000.0,20170600000000.0,0.0,20170600000000.0
109,51.1,5470,5470,7.1,6.9,301,6.9,6.8,6.9,14.13,55.1,55.0,55.0,14.12,6.5,14.09,0.0,301,44.3,14.18,55.0,5.8,301,6,44.2,44.4,44.3,301,37.1,37.9,14.11,4.8,0.0,12.9,12.9,12.9,0.03,4.88,0.0,8.6,12.9,20170600000000.0,20170600000000.0,,5.1,20170600000000.0,20170600000000.0,0.0,20170600000000.0
109,49.6,5474,5474,7.9,7.3,301,7.5,6.9,7.6,14.1,55.1,55.1,55.1,14.08,6.4,14.08,0.0,301,44.5,14.12,54.3,5.6,301,6,44.2,44.3,44.3,301,37.1,37.9,14.11,4.7,0.0,12.9,12.9,12.9,0.02,4.98,0.0,8.8,12.9,20170600000000.0,20170600000000.0,20170600000000.0,5.1,20170600000000.0,20170600000000.0,0.0,20170600000000.0
109,51.0,5475,5475,7.7,7.4,301,7.6,7.0,7.8,14.13,54.9,54.9,54.9,14.12,6.5,14.12,-0.1,301,44.6,14.17,54.3,5.7,301,6,44.3,44.4,44.4,301,37.1,37.9,14.11,4.8,0.1,12.9,12.9,12.9,0.01,4.92,0.0,8.4,12.9,20170600000000.0,20170600000000.0,,5.1,20170600000000.0,20170600000000.0,0.0,20170600000000.0
109,51.1,5476,5476,7.6,7.3,301,7.6,7.1,8.0,14.12,55.2,55.2,55.2,14.12,6.5,14.11,0.0,301,44.5,14.17,54.3,5.8,301,6,44.3,44.2,44.3,301,37.1,37.9,14.11,5.0,0.0,12.9,12.9,12.9,0.02,4.74,0.0,8.4,12.9,20170600000000.0,20170600000000.0,20170600000000.0,5.0,20170600000000.0,20170600000000.0,0.0,20170600000000.0
49,52.5,1771,1798,8.3,8.0,301,8.2,7.5,8.3,14.11,54.5,54.4,54.4,14.09,7.0,14.14,-0.1,302,46.1,14.14,54.1,6.2,301,11,46.1,46.2,46.1,301,38.7,39.5,14.12,5.3,0.1,13.1,13.1,13.1,0.02,4.83,-0.1,8.6,13.1,20170600000000.0,20170600000000.0,20170600000000.0,5.5,20170600000000.0,20170600000000.0,-0.1,20170600000000.0
101,52.3,1736,1736,9.0,8.5,301,9.0,8.0,9.1,14.09,57.6,57.6,57.6,14.08,6.8,14.08,0.0,301,46.9,14.12,57.0,6.1,301,0,46.7,46.7,46.7,301,37.1,37.9,14.09,5.2,0.1,12.9,12.9,12.9,0.02,4.96,0.0,9.4,12.9,,20170600000000.0,20170600000000.0,5.5,20170600000000.0,20170600000000.0,0.0,20170600000000.0
109,52.6,5715,5715,8.1,7.6,301,8.1,7.1,8.0,14.1,54.8,54.8,54.8,14.08,6.8,14.12,-0.1,301,44.6,14.12,54.2,5.8,301,6,44.4,44.4,44.4,301,37.1,37.9,14.11,5.0,0.0,12.9,12.9,12.9,0.04,4.7,0.0,9.4,12.9,20170600000000.0,20170600000000.0,20170600000000.0,5.4,20170600000000.0,20170600000000.0,0.0,
101,52.0,1728,1728,8.8,8.2,301,8.8,7.7,9.1,14.09,57.6,57.6,57.5,14.08,6.7,14.08,0.0,301,46.9,14.12,57.0,5.9,301,0,46.8,46.8,46.8,301,37.1,37.9,14.09,5.2,0.1,12.9,12.9,12.9,0.02,4.99,0.0,9.6,12.9,20170600000000.0,20170600000000.0,20170600000000.0,5.5,20170600000000.0,20170600000000.0,0.0,20170600000000.0
112,54.5,2534,2534,6.9,6.6,301,6.8,6.2,6.9,13.97,54.3,54.3,54.3,13.97,7.4,13.97,0.0,301,43.9,14.02,54.2,6.9,301,5,43.9,43.9,43.9,301,35.7,36.5,13.99,6.3,0.0,13.0,13.0,13.0,0.02,4.37,0.0,8.7,13.0,20170600000000.0,20170600000000.0,20170600000000.0,6.8,20170600000000.0,20170600000000.0,0.0,20170600000000.0
109,49.9,5719,5719,7.8,7.7,301,7.8,7.5,8.0,14.12,54.9,54.8,54.8,14.11,6.8,14.13,0.0,301,44.6,14.12,54.3,5.9,301,6,44.4,44.4,44.4,301,37.1,37.9,14.11,4.9,0.0,12.9,12.9,12.9,0.02,4.88,0.0,8.7,12.9,20170600000000.0,20170600000000.0,,5.1,20170600000000.0,20170600000000.0,0.0,20170600000000.0
101,53.0,1732,1732,8.9,8.4,301,8.9,8.0,8.5,14.09,57.5,57.5,57.5,14.08,6.5,14.08,-0.1,301,46.9,14.13,57.0,6.1,301,0,46.7,46.8,46.8,301,37.1,37.9,14.09,5.4,0.1,12.9,12.9,12.9,0.02,4.81,0.0,9.5,12.9,20170600000000.0,20170600000000.0,20170600000000.0,6.1,20170600000000.0,20170600000000.0,0.0,
112,54.2,2538,2538,7.5,7.0,301,7.5,6.7,7.5,14.01,54.3,54.3,54.3,13.96,7.5,13.96,0.0,301,43.6,14.12,54.1,7.0,301,5,43.6,43.6,43.6,301,35.7,36.5,13.99,6.4,0.0,13.0,13.0,13.0,0.03,4.39,0.0,8.6,13.0,20170600000000.0,20170600000000.0,20170600000000.0,6.5,20170600000000.0,20170600000000.0,0.0,20170600000000.0
112,54.1,2541,2541,7.8,7.1,301,7.8,6.7,7.6,13.95,54.3,54.3,54.3,13.97,7.6,13.96,0.0,301,43.6,14.02,54.1,7.1,301,5,43.6,43.7,43.7,301,35.7,36.5,13.99,6.3,0.0,13.0,13.0,13.0,0.02,4.34,0.0,9.6,13.0,20170600000000.0,20170600000000.0,20170600000000.0,6.4,20170600000000.0,20170600000000.0,0.0,20170600000000.0
101,52.3,1615,1615,8.4,8.3,301,8.4,7.6,8.7,14.09,57.5,57.4,57.4,14.08,6.6,14.08,-0.1,301,46.9,14.13,57.0,5.9,301,0,46.8,46.8,46.8,301,37.1,37.9,14.09,5.1,0.1,12.9,12.9,12.9,0.01,4.93,0.0,8.7,12.9,20170600000000.0,20170600000000.0,,5.2,20170600000000.0,20170600000000.0,0.0,20170600000000.0
49,52.3,1628,1655,8.4,8.2,301,8.4,7.7,8.8,14.1,54.4,54.4,54.4,14.09,7.0,14.09,-0.1,301,46.1,14.13,54.1,6.2,301,11,46.0,46.0,46.0,301,38.7,39.5,14.12,5.3,0.1,13.1,13.1,13.1,0.02,4.89,-0.1,9.3,13.0,20170600000000.0,20170600000000.0,,5.4,20170600000000.0,20170600000000.0,-0.1,20170600000000.0
112,54.4,2408,2408,7.4,7.1,301,7.2,6.6,7.5,13.97,54.3,54.3,54.3,13.97,7.6,13.97,0.0,301,43.6,14.02,54.1,7.0,301,5,43.5,43.6,43.6,301,36.3,37.1,13.99,6.3,0.0,13.0,13.0,13.0,0.0,4.29,0.0,9.4,13.0,20170600000000.0,20170600000000.0,20170600000000.0,6.9,20170600000000.0,20170600000000.0,0.0,20170600000000.0
49,53.0,1620,1647,8.2,7.9,301,8.2,7.4,8.5,14.11,54.4,54.4,54.4,14.09,7.0,14.09,-0.1,301,46.3,14.14,53.8,6.1,301,11,46.1,46.2,46.2,301,38.7,39.5,14.12,5.3,0.1,13.1,13.1,13.1,0.01,4.75,-0.1,8.6,13.0,20170600000000.0,20170600000000.0,20170600000000.0,5.2,20170600000000.0,20170600000000.0,0.0,20170600000000.0
109,50.4,5572,5572,7.9,7.6,301,7.9,7.0,7.6,14.11,55.0,55.0,55.0,14.12,6.7,14.12,-0.1,301,44.4,14.14,55.0,5.8,301,6,44.3,44.4,44.4,301,37.1,37.9,14.11,5.2,0.1,12.9,12.9,12.9,0.01,4.81,0.0,8.8,12.9,20170600000000.0,20170600000000.0,,5.1,20170600000000.0,20170600000000.0,0.0,20170600000000.0
49,52.0,1624,1651,8.5,8.2,301,8.4,7.4,8.4,14.11,54.3,54.3,54.3,14.09,7.2,14.09,-0.1,301,46.1,14.14,54.1,6.3,301,11,46.1,46.2,46.2,301,38.7,39.5,14.12,5.4,0.1,13.1,13.1,13.1,0.02,4.93,-0.1,9.7,13.0,20170600000000.0,20170600000000.0,20170600000000.0,5.6,20170600000000.0,20170600000000.0,-0.1,20170600000000.0
109,50.6,5576,5576,7.8,7.5,301,7.8,7.2,8.0,14.09,54.9,54.9,54.9,14.08,6.4,14.07,0.0,301,44.6,14.12,54.3,5.7,301,6,44.4,44.4,44.5,301,37.1,37.9,14.11,5.2,0.0,12.9,12.9,12.9,0.01,5.03,0.0,8.4,12.9,20170600000000.0,20170600000000.0,20170600000000.0,5.4,,20170600000000.0,0.0,20170600000000.0
101,51.1,1612,1612,8.7,8.3,301,8.4,7.8,8.6,14.09,57.6,57.5,57.6,14.08,6.3,14.08,0.0,301,46.9,14.13,57.4,5.8,301,0,46.8,46.9,46.9,301,37.1,37.9,14.09,5.1,0.1,12.9,12.9,12.9,0.02,5.11,0.0,9.5,12.9,20170600000000.0,20170600000000.0,20170600000000.0,6.1,20170600000000.0,20170600000000.0,0.0,20170600000000.0
109,52.0,5579,5579,8.2,7.5,301,8.0,7.0,7.6,14.12,54.9,54.9,54.9,14.12,6.8,14.07,0.0,301,44.6,14.17,54.2,5.9,301,6,44.3,44.4,44.4,301,37.1,37.9,14.11,5.1,0.0,12.9,12.9,12.9,0.02,4.77,0.0,8.5,12.9,20170600000000.0,20170600000000.0,20170600000000.0,5.3,20170600000000.0,20170600000000.0,0.0,20170600000000.0
109,51.3,5550,5550,8.0,7.6,301,7.4,7.1,7.3,14.13,54.9,54.8,54.9,14.12,6.6,14.12,-0.1,301,44.6,14.18,54.2,5.9,301,6,44.4,44.4,44.4,301,37.1,37.9,14.11,5.1,0.0,12.9,12.9,12.9,0.01,4.9,0.0,9.4,12.9,20170600000000.0,20170600000000.0,20170600000000.0,5.6,20170600000000.0,20170600000000.0,0.0,20170600000000.0
112,53.9,2387,2387,7.4,7.0,301,7.3,6.5,7.7,13.97,54.3,54.3,54.3,13.96,7.7,13.96,0.0,301,43.6,14.02,54.1,7.1,301,5,43.5,43.6,43.6,301,36.3,37.1,13.99,6.6,0.0,13.0,13.0,13.0,0.03,4.38,0.0,8.6,13.0,20170600000000.0,20170600000000.0,20170600000000.0,6.9,20170600000000.0,20170600000000.0,0.0,20170600000000.0
112,54.4,2388,2388,7.8,7.1,301,7.8,6.6,7.6,13.97,54.3,54.3,54.3,13.96,7.7,13.96,0.0,301,43.6,14.02,54.1,7.0,302,5,43.6,43.6,43.6,301,36.3,37.1,13.99,6.5,0.0,13.0,13.0,13.0,0.02,4.38,0.0,8.7,13.0,20170600000000.0,20170600000000.0,,6.9,20170600000000.0,,0.0,
112,53.5,2389,2389,7.6,7.2,301,7.3,6.6,7.5,13.97,54.3,54.2,54.3,13.96,7.8,13.96,0.0,301,43.6,14.02,54.0,7.1,301,5,43.5,43.6,43.6,301,36.3,37.1,13.99,6.4,0.0,13.0,13.0,13.0,0.03,4.5,0.0,9.8,13.0,20170600000000.0,20170600000000.0,20170600000000.0,7.0,20170600000000.0,20170600000000.0,0.0,20170600000000.0
109,50.6,5596,5596,8.0,7.6,301,7.7,7.2,7.9,14.11,54.8,54.7,54.8,14.08,6.5,14.08,-0.1,301,44.6,14.17,54.2,5.8,301,6,44.4,44.4,44.5,301,37.1,37.9,14.11,4.7,0.1,12.9,12.9,12.9,0.02,4.76,0.0,9.6,12.9,20170600000000.0,20170600000000.0,20170600000000.0,5.3,20170600000000.0,20170600000000.0,0.0,20170600000000.0
101,52.3,1624,1624,8.7,8.0,301,8.3,7.2,8.3,14.09,57.6,57.6,57.6,14.08,6.7,14.08,-0.1,301,46.9,14.12,57.1,5.8,301,0,46.8,46.8,46.8,301,37.1,37.9,14.09,4.8,0.1,12.9,12.9,12.9,0.01,4.89,0.0,8.4,12.9,20170600000000.0,20170600000000.0,,5.1,20170600000000.0,20170600000000.0,0.0,20170600000000.0
112,54.5,2423,2423,6.7,6.5,301,6.7,6.2,6.7,13.97,54.4,54.4,54.3,13.96,7.5,13.97,0.0,301,43.8,14.02,54.3,6.8,301,5,43.8,43.8,43.8,301,36.3,37.1,13.99,6.2,0.0,13.0,13.0,13.0,0.01,4.37,0.0,9.5,13.0,20170600000000.0,20170600000000.0,20170600000000.0,6.4,20170600000000.0,20170600000000.0,0.0,20170600000000.0
49,51.8,1732,1759,8.7,8.3,301,8.7,8.0,8.6,14.12,54.6,54.5,54.5,14.09,6.8,14.13,-0.1,301,46.3,14.14,53.9,6.1,301,11,46.1,46.1,46.1,301,38.7,39.5,14.12,5.4,0.1,13.0,13.1,13.1,0.02,4.94,-0.1,9.4,13.0,20170600000000.0,20170600000000.0,20170600000000.0,5.7,20170600000000.0,20170600000000.0,0.0,20170600000000.0
109,51.7,6116,6116,8.0,7.7,301,7.8,7.3,7.8,14.11,54.7,54.7,54.6,14.11,6.5,14.07,-0.1,301,44.6,14.13,54.1,5.9,301,6,44.4,44.4,44.4,301,37.1,37.9,14.11,5.1,0.0,12.9,12.9,12.9,0.02,4.84,0.0,9.4,12.9,20170600000000.0,20170600000000.0,,5.2,20170600000000.0,20170600000000.0,0.0,20170600000000.0
109,51.6,5980,5980,8.5,8.2,301,8.2,8.0,9.1,14.11,54.7,54.6,54.7,14.12,7.1,14.13,0.0,301,44.6,14.12,54.1,6.0,301,6,44.4,44.4,44.4,301,37.1,37.9,14.11,5.1,0.0,12.9,12.9,12.9,0.01,4.86,0.0,9.6,12.9,20170600000000.0,20170600000000.0,20170600000000.0,5.1,20170600000000.0,20170600000000.0,0.0,20170600000000.0
101,53.1,1992,1992,9.3,8.9,301,9.3,8.4,9.2,14.09,57.4,57.4,57.4,14.08,6.8,14.09,-0.1,301,46.9,14.13,57.0,6.0,301,0,46.8,46.8,46.8,301,37.1,37.9,14.09,5.5,0.1,12.9,12.9,12.9,0.02,4.82,0.0,9.7,12.9,20170600000000.0,20170600000000.0,20170600000000.0,6.2,20170600000000.0,20170600000000.0,0.0,20170600000000.0
112,53.6,2806,2806,8.3,7.6,301,8.3,6.9,7.7,13.97,54.2,54.2,54.2,13.96,7.8,13.96,0.0,301,43.7,14.02,54.0,7.4,301,5,43.6,43.7,43.7,301,35.7,36.5,13.99,6.9,0.0,13.0,13.0,13.0,0.01,4.39,0.0,8.6,13.0,20170600000000.0,20170600000000.0,20170600000000.0,7.1,20170600000000.0,20170600000000.0,0.0,20170600000000.0
49,51.9,2042,2069,8.2,7.9,301,8.2,7.2,8.5,14.11,54.3,54.3,54.3,14.09,6.8,14.09,-0.1,301,46.1,14.14,54.3,6.0,301,11,46.0,46.1,46.1,301,38.7,39.5,14.12,5.2,0.1,13.1,13.1,13.1,0.02,4.92,0.0,8.6,13.1,20170600000000.0,20170600000000.0,20170600000000.0,5.2,20170600000000.0,20170600000000.0,-0.1,20170600000000.0
109,50.1,5983,5983,7.8,7.5,301,7.8,7.3,8.2,14.13,54.8,54.8,54.7,14.12,7.3,14.08,0.0,301,44.4,14.17,54.7,6.0,301,6,44.3,44.4,44.4,301,37.1,37.9,14.11,5.3,0.0,12.9,12.9,12.9,0.01,5.04,0.0,9.5,12.9,20170600000000.0,20170600000000.0,20170600000000.0,5.5,20170600000000.0,20170600000000.0,0.0,20170600000000.0
101,51.8,1995,1995,8.5,8.2,301,8.4,7.8,8.7,14.09,57.4,57.4,57.4,14.09,7.3,14.08,0.0,301,46.8,14.13,57.3,6.1,301,0,46.7,46.7,46.7,301,37.1,37.9,14.09,5.1,0.1,12.9,12.9,12.9,0.02,4.98,0.0,9.7,12.9,20170600000000.0,20170600000000.0,20170600000000.0,6.2,20170600000000.0,20170600000000.0,0.0,20170600000000.0
101,52.8,1916,1916,9.7,9.2,301,9.4,8.9,9.3,14.09,57.4,57.4,57.4,14.08,7.3,14.08,0.0,301,47.0,14.13,56.9,6.2,301,0,46.9,46.9,46.9,301,37.1,37.9,14.09,5.1,0.1,12.9,12.9,12.9,0.02,4.81,0.0,8.7,12.9,20170600000000.0,20170600000000.0,20170600000000.0,6.0,20170600000000.0,20170600000000.0,0.0,20170600000000.0
112,54.1,2730,2730,8.0,7.7,301,7.9,6.7,8.1,13.97,54.2,54.1,54.1,13.96,7.9,13.96,0.0,301,43.8,14.02,53.9,7.4,301,5,43.7,43.8,43.8,301,35.7,36.5,13.99,6.9,0.0,13.0,13.0,13.0,0.0,4.39,0.0,9.7,13.0,20170600000000.0,20170600000000.0,20170600000000.0,6.9,20170600000000.0,20170600000000.0,0.0,20170600000000.0
101,52.0,2064,2064,8.4,8.0,301,8.4,7.5,8.5,14.09,57.6,57.6,57.6,14.08,6.6,14.08,0.0,301,47.0,14.13,57.1,5.9,301,0,46.9,46.9,46.9,301,37.1,37.9,14.09,5.2,0.1,12.9,12.9,12.9,0.01,4.98,0.0,8.6,12.9,20170600000000.0,20170600000000.0,20170600000000.0,5.5,20170600000000.0,20170600000000.0,0.0,20170600000000.0
49,52.3,2117,2144,8.3,8.1,301,8.3,7.6,8.2,14.11,54.5,54.4,54.5,14.09,6.8,14.09,-0.1,301,46.3,14.13,53.9,6.1,301,11,46.1,46.1,46.1,301,38.7,39.5,14.12,5.3,0.1,13.0,13.1,13.1,0.02,4.9,-0.1,8.9,13.0,20170600000000.0,20170600000000.0,20170600000000.0,5.4,20170600000000.0,20170600000000.0,-0.1,20170600000000.0
49,51.7,1784,1811,8.4,8.0,301,8.4,7.3,8.3,14.11,54.3,54.3,54.3,14.09,6.8,14.09,-0.1,301,46.3,14.14,53.7,6.1,301,11,46.1,46.2,46.2,301,38.7,39.5,14.12,5.3,0.1,13.1,13.1,13.1,0.02,4.84,-0.1,8.9,13.0,20170600000000.0,20170600000000.0,20170600000000.0,5.5,20170600000000.0,20170600000000.0,-0.1,
109,50.1,5728,5728,7.9,7.6,301,7.9,7.2,7.7,14.1,54.9,54.8,54.7,14.08,6.8,14.12,0.0,301,44.6,14.13,54.2,5.9,301,6,44.4,44.4,44.4,301,37.1,37.9,14.11,5.2,0.0,12.9,12.9,12.9,0.01,4.88,0.0,9.2,12.9,20170600000000.0,20170600000000.0,20170600000000.0,5.4,20170600000000.0,20170600000000.0,0.0,20170600000000.0
101,52.4,1741,1741,8.7,8.1,301,8.7,7.7,8.6,14.09,57.4,57.4,57.3,14.08,6.4,14.08,-0.1,301,47.0,14.12,57.0,5.8,301,0,46.9,46.9,46.9,301,37.1,37.9,14.09,4.7,0.1,12.9,12.9,12.9,0.01,4.86,0.0,9.6,12.9,20170600000000.0,20170600000000.0,20170600000000.0,5.7,20170600000000.0,20170600000000.0,0.0,20170600000000.0
112,54.2,2547,2547,6.9,6.6,301,6.7,6.2,7.3,13.96,54.4,54.4,54.4,13.96,7.5,13.96,0.0,301,43.9,14.02,54.2,7.1,301,5,43.8,43.8,43.8,301,35.7,36.5,13.99,6.5,0.0,13.0,13.0,13.0,0.01,4.35,0.0,8.5,13.0,20170600000000.0,20170600000000.0,20170600000000.0,6.8,20170600000000.0,20170600000000.0,0.0,20170600000000.0
101,52.4,1745,1745,9.1,8.4,301,9.1,7.8,8.9,14.09,57.5,57.4,57.4,14.08,6.8,14.08,0.0,301,46.9,14.12,57.0,5.9,301,0,46.8,46.8,46.8,301,37.1,37.9,14.09,5.2,0.1,12.9,12.9,12.9,0.01,4.9,0.0,9.7,12.9,20170600000000.0,20170600000000.0,20170600000000.0,6.2,20170600000000.0,20170600000000.0,0.0,
112,54.4,2551,2551,7.6,7.1,301,7.6,6.7,7.2,13.96,54.3,54.3,54.3,14.0,7.7,13.96,0.0,301,43.6,14.0,54.1,7.1,301,5,43.6,43.6,43.6,301,35.7,36.5,13.99,6.6,0.0,13.0,13.0,13.0,0.01,4.44,0.0,8.6,13.0,,,20170600000000.0,6.9,20170600000000.0,20170600000000.0,0.0,20170600000000.0
49,51.7,1781,1808,8.4,7.9,301,8.4,7.5,8.3,14.11,54.4,54.3,54.4,14.09,6.8,14.09,-0.1,301,46.2,14.13,54.3,6.1,301,11,46.1,46.2,46.2,301,38.7,39.5,14.12,5.4,0.1,13.1,13.1,13.1,0.0,4.98,-0.1,8.8,13.1,20170600000000.0,20170600000000.0,,5.4,20170600000000.0,20170600000000.0,-0.1,20170600000000.0
112,54.1,2554,2554,7.4,7.0,301,7.3,6.4,7.1,13.97,54.3,54.2,54.2,13.96,7.9,13.96,0.0,301,44.0,14.02,53.7,7.2,301,5,43.8,43.8,43.9,301,35.7,36.5,13.99,6.7,0.0,13.0,13.0,13.0,0.01,4.34,0.0,9.8,13.0,20170600000000.0,20170600000000.0,,6.9,20170600000000.0,20170600000000.0,0.0,20170600000000.0
112,53.4,2753,2753,8.0,7.4,301,8.0,6.9,8.1,13.97,54.2,54.2,54.2,13.96,7.8,13.97,0.0,301,44.0,14.02,53.6,7.3,301,5,43.8,43.9,43.9,301,35.7,36.5,13.99,6.7,0.1,13.0,13.0,13.0,0.01,4.5,0.0,9.7,13.0,20170600000000.0,20170600000000.0,20170600000000.0,6.9,20170600000000.0,20170600000000.0,0.0,20170600000000.0
49,51.3,1987,2014,8.7,8.5,301,8.7,8.0,8.9,14.1,54.3,54.2,54.2,14.09,7.0,14.09,-0.1,301,46.0,14.13,53.9,6.3,301,11,45.9,46.0,46.0,301,38.7,39.5,14.12,5.6,0.1,13.1,13.0,13.1,0.01,5.03,0.0,8.5,13.0,20170600000000.0,20170600000000.0,20170600000000.0,5.7,20170600000000.0,20170600000000.0,0.0,20170600000000.0
112,54.6,2747,2747,8.1,7.7,301,7.8,7.0,8.0,13.97,54.2,54.2,54.2,13.96,8.0,13.96,0.0,301,44.0,14.02,53.6,7.4,301,5,43.9,43.9,43.9,301,35.7,36.5,13.99,6.8,0.0,13.0,13.0,13.0,0.02,4.39,0.0,9.8,13.0,20170600000000.0,20170600000000.0,20170600000000.0,7.1,20170600000000.0,20170600000000.0,0.0,20170600000000.0
49,52.2,1981,2008,9.3,8.7,301,9.3,8.0,8.9,14.11,54.3,54.3,54.3,14.09,7.3,14.14,-0.1,301,46.3,14.14,53.7,6.4,301,11,46.1,46.2,46.2,301,38.7,39.5,14.12,5.5,0.1,13.1,13.1,13.1,0.02,4.9,0.0,8.5,13.1,20170600000000.0,20170600000000.0,20170600000000.0,5.7,20170600000000.0,20170600000000.0,-0.1,20170600000000.0
109,50.9,5922,5922,8.7,8.4,301,8.7,8.1,8.7,14.13,54.9,54.8,54.9,14.11,6.6,14.12,-0.1,301,44.6,14.16,54.1,6.0,301,6,44.4,44.4,44.5,301,37.1,37.9,14.11,5.3,0.0,12.9,12.9,12.9,0.0,4.86,0.0,8.7,12.9,20170600000000.0,20170600000000.0,20170600000000.0,5.5,20170600000000.0,20170600000000.0,0.0,20170600000000.0
49,52.3,1985,2012,8.6,8.3,301,8.6,7.6,9.0,14.12,54.3,54.3,54.3,14.13,7.0,14.09,-0.1,301,46.0,14.14,53.9,6.3,301,11,45.9,46.0,46.1,301,38.7,39.5,14.12,5.6,0.1,13.1,13.1,13.1,0.02,4.85,0.0,8.3,13.0,20170600000000.0,20170600000000.0,20170600000000.0,5.7,20170600000000.0,20170600000000.0,0.0,20170600000000.0
109,51.2,5926,5926,8.0,7.7,301,7.8,7.4,7.9,14.11,54.9,54.8,54.8,14.08,6.7,14.08,-0.1,301,44.6,14.17,54.1,5.8,301,6,44.4,44.4,44.4,301,37.1,37.9,14.11,5.0,0.1,12.9,12.9,12.9,0.01,4.88,0.0,8.6,12.9,20170600000000.0,20170600000000.0,20170600000000.0,5.3,20170600000000.0,20170600000000.0,0.0,20170600000000.0
101,51.9,1938,1938,9.1,8.6,301,9.1,8.3,9.0,14.09,57.6,57.6,57.6,14.08,7.0,14.08,0.0,301,47.0,14.13,56.9,6.1,301,0,46.8,46.8,46.8,301,37.1,37.9,14.09,5.3,0.1,12.9,12.9,12.9,0.02,4.98,0.0,9.5,12.9,20170600000000.0,20170600000000.0,20170600000000.0,5.5,20170600000000.0,20170600000000.0,0.0,20170600000000.0
112,54.3,2752,2752,7.5,7.2,301,7.5,6.9,7.7,13.96,54.2,54.2,54.2,13.97,8.1,13.97,0.0,301,44.0,14.02,53.6,7.3,301,5,43.8,43.9,43.9,301,35.7,36.5,13.99,6.8,0.0,13.0,13.0,13.0,0.0,4.33,0.0,9.8,13.0,20170600000000.0,20170600000000.0,20170600000000.0,7.2,20170600000000.0,20170600000000.0,0.0,20170600000000.0
49,52.2,1986,2013,8.9,8.5,301,8.8,8.0,9.0,14.11,54.3,54.3,54.2,14.09,7.2,14.09,-0.1,301,46.0,14.14,53.9,6.3,301,11,45.9,46.0,46.0,301,38.7,39.5,14.12,5.4,0.1,13.1,13.1,13.1,0.01,4.86,-0.1,8.4,13.1,20170600000000.0,20170600000000.0,20170600000000.0,5.4,20170600000000.0,20170600000000.0,-0.1,20170600000000.0
112,54.3,2685,2685,7.6,7.0,301,7.6,6.5,7.6,13.97,54.3,54.3,54.3,13.96,7.7,13.96,0.0,301,43.6,14.02,54.1,7.1,301,5,43.5,43.6,43.6,301,35.7,36.5,13.99,6.4,0.0,13.0,13.0,13.0,0.02,4.42,0.0,9.8,13.0,20170600000000.0,20170600000000.0,20170600000000.0,6.8,20170600000000.0,20170600000000.0,0.0,20170600000000.0
112,54.6,2679,2679,6.7,6.1,301,6.4,5.6,6.5,13.97,54.4,54.7,54.4,13.97,7.5,13.96,0.0,301,43.8,14.02,54.4,6.8,301,5,43.8,43.8,43.8,301,35.7,36.5,13.99,6.3,0.1,13.0,13.0,13.0,0.0,4.39,0.0,8.7,13.0,20170600000000.0,20170600000000.0,20170600000000.0,6.5,20170600000000.0,20170600000000.0,0.0,20170600000000.0
49,51.2,1913,1940,7.7,7.4,301,7.7,6.9,7.9,14.1,54.6,54.6,54.6,14.09,7.0,14.09,-0.1,301,46.2,14.14,54.5,6.2,301,11,46.2,46.2,46.2,301,38.7,39.5,14.12,5.4,0.1,13.1,13.1,13.1,0.01,5.08,-0.1,8.9,13.0,20170600000000.0,20170600000000.0,20170600000000.0,5.3,20170600000000.0,20170600000000.0,0.0,20170600000000.0
109,48.9,5857,5857,7.8,7.2,301,7.8,6.9,7.5,14.11,55.2,55.2,55.2,14.08,6.5,14.12,0.0,301,44.6,14.12,54.3,5.7,301,6,44.3,44.3,44.3,301,37.1,37.9,14.11,4.8,0.0,12.9,12.9,12.9,0.02,5.11,0.0,9.6,12.9,20170600000000.0,20170600000000.0,20170600000000.0,5.0,20170600000000.0,20170600000000.0,0.0,20170600000000.0
112,54.6,2682,2682,7.0,6.8,301,7.0,6.2,7.0,13.98,54.4,54.4,54.4,13.96,7.4,13.96,0.0,301,43.9,14.02,53.9,6.8,301,5,43.8,43.8,43.9,301,35.7,36.5,13.99,5.9,0.0,13.0,13.0,13.0,0.02,4.32,0.0,9.9,13.0,20170600000000.0,20170600000000.0,20170600000000.0,6.7,20170600000000.0,20170600000000.0,0.0,20170600000000.0
101,53.1,1873,1873,9.1,8.5,301,9.1,7.7,8.3,14.09,57.6,57.5,57.6,14.08,6.5,14.08,-0.1,301,46.9,14.13,57.1,6.0,301,0,46.8,46.7,46.8,301,37.1,37.9,14.09,5.3,0.1,12.9,12.9,12.9,0.03,4.79,0.0,9.6,12.9,20170600000000.0,20170600000000.0,20170600000000.0,5.5,20170600000000.0,20170600000000.0,0.0,20170600000000.0
112,53.4,2592,2592,7.3,7.2,301,7.3,6.5,7.0,13.97,54.4,54.4,54.4,13.96,7.6,13.97,0.0,301,44.0,14.02,53.9,7.0,301,5,43.8,43.8,43.8,301,35.7,36.5,13.99,6.3,0.0,13.0,13.0,13.0,0.0,4.51,0.0,8.7,13.0,20170600000000.0,20170600000000.0,20170600000000.0,6.7,20170600000000.0,20170600000000.0,0.0,20170600000000.0
49,51.4,1826,1853,8.6,8.2,301,8.6,7.7,8.4,14.1,54.4,54.3,54.4,14.09,7.0,14.09,-0.1,301,46.1,14.13,54.1,6.2,301,11,46.0,46.1,46.2,301,38.7,39.5,14.12,5.3,0.1,13.1,13.1,13.1,0.02,4.9,-0.1,9.6,13.0,20170600000000.0,20170600000000.0,20170600000000.0,5.6,20170600000000.0,20170600000000.0,0.0,20170600000000.0
112,54.3,2586,2586,6.9,6.3,301,6.9,5.7,6.7,13.98,54.4,54.4,54.4,13.96,7.3,13.97,0.0,301,43.8,14.02,54.4,6.8,301,5,43.8,43.8,43.8,301,35.7,36.5,13.99,6.3,0.0,13.0,13.0,13.0,0.01,4.42,0.0,8.8,13.0,20170600000000.0,20170600000000.0,20170600000000.0,6.5,20170600000000.0,20170600000000.0,0.0,20170600000000.0
49,51.1,1820,1847,7.9,7.5,301,7.9,7.1,7.6,14.11,54.6,54.6,54.6,14.09,6.7,14.09,-0.1,301,46.1,14.14,54.5,6.0,301,11,46.0,46.0,46.1,301,38.7,39.5,14.12,5.3,0.1,13.1,13.1,13.1,0.02,5.05,0.0,9.6,13.0,20170600000000.0,20170600000000.0,20170600000000.0,5.2,20170600000000.0,20170600000000.0,0.0,20170600000000.0
109,50.4,5766,5766,7.5,6.9,301,7.5,6.3,7.5,14.12,55.3,55.2,55.2,14.08,6.3,14.12,-0.1,301,44.3,14.17,55.1,5.4,301,6,44.2,44.2,44.2,301,37.1,37.9,14.11,4.8,0.0,12.9,12.9,12.9,0.01,5.04,0.0,9.8,12.9,20170600000000.0,20170600000000.0,20170600000000.0,4.9,20170600000000.0,20170600000000.0,0.0,20170600000000.0
49,51.2,1823,1850,8.2,7.8,301,8.2,7.5,8.3,14.11,54.6,54.6,54.5,14.09,6.8,14.09,-0.1,301,46.3,14.13,53.9,6.2,301,11,46.1,46.2,46.2,301,38.7,39.5,14.12,5.4,0.1,13.1,13.1,13.1,0.03,5.0,-0.1,9.2,13.0,20170600000000.0,20170600000000.0,20170600000000.0,5.5,20170600000000.0,20170600000000.0,-0.1,20170600000000.0
109,51.4,5769,5769,7.9,7.5,301,7.9,7.1,7.7,14.12,54.9,54.9,54.8,14.08,6.5,14.08,-0.1,301,44.6,14.17,54.3,5.8,301,6,44.3,44.4,44.4,301,37.1,37.9,14.11,5.0,0.0,12.9,12.9,12.9,0.0,4.91,0.0,9.5,12.9,20170600000000.0,20170600000000.0,20170600000000.0,5.1,20170600000000.0,20170600000000.0,0.0,20170600000000.0
101,52.3,1782,1782,8.5,8.3,301,8.5,7.8,8.7,14.09,57.7,57.7,57.7,14.08,6.5,14.08,-0.1,301,46.9,14.13,57.2,5.9,301,0,46.7,46.7,46.7,301,37.1,37.9,14.09,5.0,0.1,12.9,12.9,12.9,0.02,4.92,0.0,8.4,12.9,20170600000000.0,20170600000000.0,20170600000000.0,4.9,20170600000000.0,20170600000000.0,0.0,20170600000000.0
